time,ship_lat,ship_lon,ship_radiation,interpolated_ssi
2017-11-12 00:00:00,10.970781,-121.54544,107.31,257.5503630035879
2017-11-12 00:01:00,10.970931,-121.54205,110.59,254.76322777287973
2017-11-12 00:02:00,10.971054,-121.53873,114.75,251.9777460852979
2017-11-12 00:03:00,10.971163,-121.53531,119.29,249.19048927849914
2017-11-12 00:04:00,10.971198,-121.532,122.57,246.40618346683115
2017-11-12 00:05:00,10.971193,-121.528656,124.59,243.62166765318747
2017-11-12 00:06:00,10.971191,-121.52533,123.46,240.83746600065922
2017-11-12 00:07:00,10.971255,-121.52196,121.31,238.05167745735713
2017-11-12 00:08:00,10.971379,-121.518616,119.04,235.2657210513756
2017-11-12 00:09:00,10.971497,-121.51526,117.4,232.4795998741805
2017-11-12 00:10:00,10.971583,-121.51189,114.38,229.69356564846404
2017-11-12 00:11:00,10.97162,-121.508545,116.52,226.90856149013126
2017-11-12 00:12:00,10.971607,-121.50522,117.91,224.12450199343567
2017-11-12 00:13:00,10.971656,-121.50189,118.41,221.33965354589918
2017-11-12 00:14:00,10.971765,-121.49852,120.05,218.55336247038605
2017-11-12 00:15:00,10.971869,-121.49515,120.18,215.7671272317853
2017-11-12 00:16:00,10.971965,-121.49167,120.3,212.9788567234158
2017-11-12 00:17:00,10.971993,-121.488235,121.94,210.1922147552108
2017-11-12 00:18:00,10.972027,-121.48486,122.07,207.4066646602537
2017-11-12 00:19:00,10.972043,-121.481476,122.32,204.62114174654977
2017-11-12 00:20:00,10.972096,-121.4781,122.07,201.83536015670032
2017-11-12 00:21:00,10.972203,-121.4747,122.32,199.04851197718077
2017-11-12 00:22:00,10.972313,-121.47128,120.3,196.26124400299943
2017-11-12 00:23:00,10.97241,-121.46782,118.92,193.4733486197619
2017-11-12 00:24:00,10.972448,-121.464355,114.63,190.68601553896065
2017-11-12 00:25:00,10.97249,-121.46092,108.2,187.89921722740115
2017-11-12 00:26:00,10.972487,-121.45761,97.73,184.101444378032
2017-11-12 00:27:00,10.972564,-121.45416,86.89,179.72762733918438
2017-11-12 00:28:00,10.972678,-121.45073,76.54,175.35391939580393
2017-11-12 00:29:00,10.972782,-121.44731,68.85,170.9804795168018
2017-11-12 00:30:00,10.972851,-121.44389,61.41,166.60730185122208
2017-11-12 00:31:00,10.97287,-121.440475,55.49,162.2345953493753
2017-11-12 00:32:00,10.972881,-121.43712,51.58,157.8631076595675
2017-11-12 00:33:00,10.972926,-121.43379,48.05,153.4918481137924
2017-11-12 00:34:00,10.973027,-121.430405,46.41,149.11910672212616
2017-11-12 00:35:00,10.973145,-121.42702,44.77,144.74623796965483
2017-11-12 00:36:00,10.973221,-121.423676,43.63,140.37447577294506
2017-11-12 00:37:00,10.973267,-121.42026,42.24,136.00154767754623
2017-11-12 00:38:00,10.973294,-121.416885,40.48,131.62955382623107
2017-11-12 00:39:00,10.973328,-121.41354,39.22,127.25808697100285
2017-11-12 00:40:00,10.973414,-121.41023,38.08,122.88690655344672
2017-11-12 00:41:00,10.973519,-121.406845,38.08,118.51413519453241
2017-11-12 00:42:00,10.973616,-121.403366,37.96,114.13960819529754
2017-11-12 00:43:00,10.97367,-121.39996,39.09,109.76681331165881
2017-11-12 00:44:00,10.973676,-121.39662,40.61,105.39565280029757
2017-11-12 00:45:00,10.973717,-121.39319,42.12,101.02249175919923
2017-11-12 00:46:00,10.973836,-121.38982,43.88,96.6499052343014
2017-11-12 00:47:00,10.973941,-121.38643,45.78,92.27703730225845
2017-11-12 00:48:00,10.973986,-121.383026,47.16,87.90434847418015
2017-11-12 00:49:00,10.974027,-121.379654,48.68,83.5323076813732
2017-11-12 00:50:00,10.974081,-121.37631,49.31,87.73654858488776
2017-11-12 00:51:00,10.97414,-121.37288,49.68,84.68278519914531
2017-11-12 00:52:00,10.974195,-121.36943,49.43,81.11962907999617
2017-11-12 00:53:00,10.97426,-121.36592,48.3,80.04852237060423
2017-11-12 00:54:00,10.974313,-121.3625,46.78,79.88032288593033
2017-11-12 00:55:00,10.974377,-121.359024,45.78,79.71227406276111
2017-11-12 00:56:00,10.974477,-121.355606,44.51,79.54475667971481
2017-11-12 00:57:00,10.974579,-121.35222,43.51,79.37727339723303
2017-11-12 00:58:00,10.974664,-121.348724,42.62,79.20952602046681
2017-11-12 00:59:00,10.974685,-121.34529,41.49,79.04086011648864
2017-11-12 01:00:00,10.974704,-121.341934,41.24,78.87217760365293
2017-11-12 01:01:00,10.974713,-121.338486,40.61,78.7033354010499
2017-11-12 01:02:00,10.974797,-121.33504,40.23,78.53558146902562
2017-11-12 01:03:00,10.974917,-121.331635,39.6,78.36835627386043
2017-11-12 01:04:00,10.975046,-121.32814,39.6,78.20124732160438
2017-11-12 01:05:00,10.975132,-121.32477,38.59,78.03353448682739
2017-11-12 01:06:00,10.975119,-121.32135,36.95,77.86437760391149
2017-11-12 01:07:00,10.975127,-121.31792,35.31,77.69552375755381
2017-11-12 01:08:00,10.975193,-121.314545,33.29,77.52752000701986
2017-11-12 01:09:00,10.975296,-121.31105,31.53,77.36003389788058
2017-11-12 01:10:00,10.975405,-121.30765,29.89,77.19264993141931
2017-11-12 01:11:00,10.975495,-121.304214,28.12,77.02498462575402
2017-11-12 01:12:00,10.975534,-121.3008,26.61,76.85658301069766
2017-11-12 01:13:00,10.975521,-121.29733,24.97,76.8183523525649
2017-11-12 01:14:00,10.975538,-121.29385,23.71,77.18687260096327
2017-11-12 01:15:00,10.975638,-121.29042,22.19,77.55348326287213
2017-11-12 01:16:00,10.975809,-121.287,20.93,77.91843526813207
2017-11-12 01:17:00,10.975922,-121.283554,19.42,78.28472854535123
2017-11-12 01:18:00,10.975966,-121.28009,18.28,78.65262739950475
2017-11-12 01:19:00,10.975958,-121.27664,17.02,79.02175741261694
2017-11-12 01:20:00,10.975925,-121.27319,16.27,79.39147416256337
2017-11-12 01:21:00,10.97599,-121.269714,15.89,79.69612983004609
2017-11-12 01:22:00,10.976126,-121.26631,15.51,79.69071592019151
2017-11-12 01:23:00,10.976307,-121.26286,15.01,79.68538563752959
2017-11-12 01:24:00,10.976395,-121.25943,14.5,79.67999235082684
2017-11-12 01:25:00,10.976378,-121.25598,13.87,79.67459022769094
2017-11-12 01:26:00,10.976347,-121.25255,13.75,79.66915376413762
2017-11-12 01:27:00,10.976342,-121.24919,13.37,79.66362432142417
2017-11-12 01:28:00,10.976456,-121.24579,12.36,79.65819657713709
2017-11-12 01:29:00,10.976636,-121.2424,12.11,79.65277814928073
2017-11-12 01:30:00,10.976765,-121.23894,11.73,79.64744362981762
2017-11-12 01:31:00,10.976765,-121.235535,10.97,79.64198183803039
2017-11-12 01:32:00,10.97673,-121.23213,10.47,79.63650734716947
2017-11-12 01:33:00,10.976762,-121.2287,9.84,79.63109374194877
2017-11-12 01:34:00,10.976861,-121.225296,9.58,79.62566640735918
2017-11-12 01:35:00,10.976981,-121.221954,8.7,79.62015598377118
2017-11-12 01:36:00,10.977104,-121.21855,8.2,79.61473735711782
2017-11-12 01:37:00,10.977143,-121.21513,7.94,79.6093116613179
2017-11-12 01:38:00,10.977161,-121.21182,7.44,79.6037174117402
2017-11-12 01:39:00,10.977203,-121.208405,7.06,79.59828548923535
2017-11-12 01:40:00,10.977261,-121.204956,6.94,79.59290911536083
2017-11-12 01:41:00,10.977328,-121.201584,6.81,79.58742335292885
2017-11-12 01:42:00,10.977424,-121.19815,6.81,79.58203882102909
2017-11-12 01:43:00,10.977539,-121.19472,6.68,79.57665533075459
2017-11-12 01:44:00,10.97762,-121.19133,6.56,79.57120098266125
2017-11-12 01:45:00,10.977631,-121.18793,6.43,79.56573586681446
2017-11-12 01:46:00,10.977647,-121.18451,6.56,79.560301825909
2017-11-12 01:47:00,10.977691,-121.18114,6.56,79.55480479229267
2017-11-12 01:48:00,10.977795,-121.177704,6.18,79.5494260891171
2017-11-12 01:49:00,10.977893,-121.174255,6.05,79.54406422846964
2017-11-12 01:50:00,10.977981,-121.17093,6.05,79.53851732263027
2017-11-12 01:51:00,10.978068,-121.16754,6.18,79.53306515152097
2017-11-12 01:52:00,10.978088,-121.16411,6.05,79.5276471923322
2017-11-12 01:53:00,10.978089,-121.16066,6.05,79.52225160014846
2017-11-12 01:54:00,10.978116,-121.15721,6.05,79.51686544156232
2017-11-12 01:55:00,10.978221,-121.15376,6.18,79.51150758376899
2017-11-12 01:56:00,10.978355,-121.150345,5.93,79.5061090416864
2017-11-12 01:57:00,10.978463,-121.14688,5.93,79.50077421797606
2017-11-12 01:58:00,10.978507,-121.14348,6.05,79.49532107554164
2017-11-12 01:59:00,10.978526,-121.14011,6.05,79.48981497115835
2017-11-12 02:00:00,10.978566,-121.136765,5.8,79.48427991023443
2017-11-12 02:01:00,10.978621,-121.13339,5.93,79.47879418295251
2017-11-12 02:02:00,10.978731,-121.129974,6.18,79.4733883959731
2017-11-12 02:03:00,10.978846,-121.126526,5.8,79.46803124040775
2017-11-12 02:04:00,10.97888,-121.12308,5.93,79.46264176947876
2017-11-12 02:05:00,10.978908,-121.1196,5.8,79.4572998649052
2017-11-12 02:06:00,10.978955,-121.116165,5.67,79.45189901734166
2017-11-12 02:07:00,10.979028,-121.11275,5.93,79.44647834258778
2017-11-12 02:08:00,10.979093,-121.109344,5.8,79.44104159783397
2017-11-12 02:09:00,10.979169,-121.10597,5.93,79.43556202695687
2017-11-12 02:10:00,10.979236,-121.10257,6.05,79.43011722962801
2017-11-12 02:11:00,10.979325,-121.0992,5.8,79.42463652339215
2017-11-12 02:12:00,10.979361,-121.09584,5.17,79.41912195673643
2017-11-12 02:13:00,10.97942,-121.09245,4.79,79.41365962636819
2017-11-12 02:14:00,10.979489,-121.08905,4.67,79.40821555470067
2017-11-12 02:15:00,10.979534,-121.08569,4.79,79.40270425352105
2017-11-12 02:16:00,10.979626,-121.08235,4.67,79.39718074459532
2017-11-12 02:17:00,10.979727,-121.078995,4.79,79.39168244673664
2017-11-12 02:18:00,10.979763,-121.07559,4.79,79.51019434276161
2017-11-12 02:19:00,10.97981,-121.072266,5.04,79.85559022791654
2017-11-12 02:20:00,10.979855,-121.06889,4.79,80.20034329128173
2017-11-12 02:21:00,10.97991,-121.06554,4.92,80.5453749402219
2017-11-12 02:22:00,10.979977,-121.06221,5.04,80.89060038816812
2017-11-12 02:23:00,10.980072,-121.05885,5.04,81.23531625263585
2017-11-12 02:24:00,10.980148,-121.055466,4.92,81.57982144679208
2017-11-12 02:25:00,10.980228,-121.05211,5.17,81.92465886667972
2017-11-12 02:26:00,10.980256,-121.04875,5.04,82.33545404102988
2017-11-12 02:27:00,10.98029,-121.04541,5.04,82.75336806809872
2017-11-12 02:28:00,10.980361,-121.04204,5.42,83.17060296649382
2017-11-12 02:29:00,10.980442,-121.03868,5.55,83.56765150053161
2017-11-12 02:30:00,10.980517,-121.03528,5.93,83.88435935115496
2017-11-12 02:31:00,10.980581,-121.03192,5.93,84.20157470508798
2017-11-12 02:32:00,10.980636,-121.02852,6.31,84.51836930294704
2017-11-12 02:33:00,10.980662,-121.02513,6.18,84.83540463238043
2017-11-12 02:34:00,10.980747,-121.02173,6.18,85.15206910938592
2017-11-12 02:35:00,10.980848,-121.01836,6.18,85.46900903285031
2017-11-12 02:36:00,10.980889,-121.014984,6.18,85.78614022917237
2017-11-12 02:37:00,10.980959,-121.0116,6.68,86.09623294934066
2017-11-12 02:38:00,10.981028,-121.00818,6.05,85.95651506629169
2017-11-12 02:39:00,10.981087,-121.00476,6.31,85.75919812958153
2017-11-12 02:40:00,10.98114,-121.00133,6.68,85.56194060569017
2017-11-12 02:41:00,10.981219,-120.9978,6.68,85.36558338591117
2017-11-12 02:42:00,10.98129,-120.99437,6.56,85.16838994535298
2017-11-12 02:43:00,10.981381,-120.99092,6.68,84.97142925635814
2017-11-12 02:44:00,10.981398,-120.98743,6.56,84.7745282093786
2017-11-12 02:45:00,10.981467,-120.9839,6.31,84.57813538774772
2017-11-12 02:46:00,10.981532,-120.98044,6.05,84.38116290786785
2017-11-12 02:47:00,10.981616,-120.9769,6.05,84.18490426294458
2017-11-12 02:48:00,10.981687,-120.97342,6.43,83.98811469203524
2017-11-12 02:49:00,10.98178,-120.969864,6.56,83.79201732706628
2017-11-12 02:50:00,10.981831,-120.96634,6.43,83.59551195774424
2017-11-12 02:51:00,10.981889,-120.962845,6.43,83.3987972653222
2017-11-12 02:52:00,10.981946,-120.95938,6.31,83.20183669092573
2017-11-12 02:53:00,10.982002,-120.955826,5.67,83.00559144431884
2017-11-12 02:54:00,10.982048,-120.95241,6.05,82.80819591562943
2017-11-12 02:55:00,10.982122,-120.9489,6.18,82.61165934706507
2017-11-12 02:56:00,10.982207,-120.94548,6.05,82.41443497516971
2017-11-12 02:57:00,10.98229,-120.941986,6.31,82.21780120998437
2017-11-12 02:58:00,10.982372,-120.93852,6.31,82.02093771761045
2017-11-12 02:59:00,10.982424,-120.93509,6.31,81.82367663353376
2017-11-12 03:00:00,10.9825,-120.93164,6.31,81.62666254176112
2017-11-12 03:01:00,10.982558,-120.92818,6.43,81.42966514058493
2017-11-12 03:02:00,10.982621,-120.92468,6.56,81.23300863605368
2017-11-12 03:03:00,10.982652,-120.921234,6.43,81.03580202637578
2017-11-12 03:04:00,10.982697,-120.9178,6.43,80.83854833057478
2017-11-12 03:05:00,10.98274,-120.91435,6.31,80.641416752691
2017-11-12 03:06:00,10.98282,-120.910965,6.56,80.44389187111555
2017-11-12 03:07:00,10.982902,-120.90747,6.43,80.24726262313796
2017-11-12 03:08:00,10.983003,-120.90401,6.56,80.05041830992472
2017-11-12 03:09:00,10.983123,-120.90057,6.56,79.85348009237042
2017-11-12 03:10:00,10.983153,-120.897125,6.56,79.65626184511437
2017-11-12 03:11:00,10.983174,-120.89363,6.68,79.45941542584046
2017-11-12 03:12:00,10.983195,-120.89018,6.81,79.26220552388264
2017-11-12 03:13:00,10.983275,-120.886734,6.81,79.06517336327883
2017-11-12 03:14:00,10.983364,-120.883255,7.19,78.86843979830985
2017-11-12 03:15:00,10.983488,-120.87984,7.19,78.67131388667195
2017-11-12 03:16:00,10.983582,-120.87636,6.81,78.47460620002187
2017-11-12 03:17:00,10.983594,-120.872955,7.06,78.27700077371343
2017-11-12 03:18:00,10.983636,-120.86958,6.81,78.07925983117131
2017-11-12 03:19:00,10.983659,-120.866104,6.94,77.88226706180117
2017-11-12 03:20:00,10.983742,-120.86264,6.31,77.68539097482652
2017-11-12 03:21:00,10.983821,-120.85921,6.43,77.48822601574985
2017-11-12 03:22:00,10.983916,-120.855774,6.31,77.2911664839941
2017-11-12 03:23:00,10.983999,-120.852264,6.43,77.09466195709628
2017-11-12 03:24:00,10.984047,-120.848816,6.18,76.89753202535249
2017-11-12 03:25:00,10.984076,-120.84531,6.18,76.70080293888284
2017-11-12 03:26:00,10.984126,-120.841736,6.18,76.50469787902446
2017-11-12 03:27:00,10.98418,-120.83821,6.05,76.30821934504388
2017-11-12 03:28:00,10.984271,-120.83467,6.05,76.1119856214169
2017-11-12 03:29:00,10.984388,-120.83104,5.8,75.91657142797263
2017-11-12 03:30:00,10.984473,-120.827576,6.05,75.71970246136837
2017-11-12 03:31:00,10.984528,-120.823944,6.05,75.52408369122848
2017-11-12 03:32:00,10.984576,-120.82036,6.18,75.32805228492954
2017-11-12 03:33:00,10.984625,-120.81676,6.18,75.13215367710329
2017-11-12 03:34:00,10.984688,-120.81314,6.05,74.93646645972919
2017-11-12 03:35:00,10.984757,-120.809525,6.05,74.74076021650144
2017-11-12 03:36:00,10.984846,-120.80588,6.05,74.54536749876655
2017-11-12 03:37:00,10.984903,-120.802246,6.18,74.34977200378312
2017-11-12 03:38:00,10.984959,-120.798615,6.31,74.15414871643549
2017-11-12 03:39:00,10.985057,-120.79501,6.56,73.95846494464818
2017-11-12 03:40:00,10.985148,-120.79144,6.68,73.76247354281057
2017-11-12 03:41:00,10.985207,-120.78781,6.68,73.56685285862552
2017-11-12 03:42:00,10.985214,-120.784195,6.43,73.3709258839162
2017-11-12 03:43:00,10.985309,-120.78056,6.68,73.17547375336272
2017-11-12 03:44:00,10.985394,-120.77693,6.68,72.97994563399251
2017-11-12 03:45:00,10.985464,-120.773285,6.43,72.78448527273909
2017-11-12 03:46:00,10.985522,-120.76967,6.43,72.58873986747419
2017-11-12 03:47:00,10.985608,-120.76604,6.05,72.39321530828914
2017-11-12 03:48:00,10.985687,-120.762375,6.18,72.19794853656195
2017-11-12 03:49:00,10.985779,-120.75868,6.31,72.00297036903159
2017-11-12 03:50:00,10.985835,-120.755005,6.43,71.8792282806656
2017-11-12 03:51:00,10.985848,-120.75137,6.43,71.83687726031565
2017-11-12 03:52:00,10.985914,-120.74773,6.31,71.79448342939979
2017-11-12 03:53:00,10.985997,-120.74405,6.56,71.7519903374586
2017-11-12 03:54:00,10.986066,-120.7404,6.05,71.70957243828734
2017-11-12 03:55:00,10.98613,-120.73677,6.31,71.66720207802615
2017-11-12 03:56:00,10.986215,-120.733215,6.18,71.62498623404814
2017-11-12 03:57:00,10.986278,-120.72963,6.31,71.58271671092695
2017-11-12 03:58:00,10.986347,-120.726074,6.05,71.54050820101548
2017-11-12 03:59:00,10.986404,-120.72244,5.93,71.49813311377822
2017-11-12 04:00:00,10.986468,-120.71886,6.05,71.45587413078287
2017-11-12 04:01:00,10.986555,-120.71532,6.05,71.41369050478315
2017-11-12 04:02:00,10.986617,-120.71167,6.18,71.37127678881707
2017-11-12 04:03:00,10.986664,-120.708084,6.18,71.32901459976243
2017-11-12 04:04:00,10.98673,-120.70448,6.56,71.286700960478
2017-11-12 04:05:00,10.98679,-120.70091,6.43,71.24446664333875
2017-11-12 04:06:00,10.986895,-120.69739,6.56,71.20231681143204
2017-11-12 04:07:00,10.986978,-120.69388,6.43,71.1602024021948
2017-11-12 04:08:00,10.987063,-120.690384,6.68,71.11811798339052
2017-11-12 04:09:00,10.987127,-120.68683,6.56,71.07591691657343
2017-11-12 04:10:00,10.987124,-120.68324,6.68,71.03367569737462
2017-11-12 04:11:00,10.987165,-120.67964,6.68,70.99138590829
2017-11-12 04:12:00,10.987264,-120.676056,6.81,70.94909709908741
2017-11-12 04:13:00,10.987389,-120.672485,6.81,70.90682171035463
2017-11-12 04:14:00,10.987487,-120.66893,6.81,70.86459809756701
2017-11-12 04:15:00,10.987504,-120.66542,6.68,70.82252312997875
2017-11-12 04:16:00,10.987506,-120.66188,6.81,70.78039030004207
2017-11-12 04:17:00,10.987559,-120.658356,6.68,70.73826263319266
2017-11-12 04:18:00,10.987668,-120.65486,6.81,70.69616387197057
2017-11-12 04:19:00,10.987777,-120.6514,6.94,70.6541453023799
2017-11-12 04:20:00,10.98782,-120.647934,6.81,70.61215280916633
2017-11-12 04:21:00,10.987874,-120.64456,6.81,70.57035867651375
2017-11-12 04:22:00,10.987914,-120.6411,6.68,70.52838134137426
2017-11-12 04:23:00,10.987985,-120.63768,6.56,70.4864745824245
2017-11-12 04:24:00,10.988078,-120.63432,6.56,70.44468832897742
2017-11-12 04:25:00,10.988157,-120.630905,6.56,70.4027879269483
2017-11-12 04:26:00,10.988207,-120.6275,6.56,70.36092713079384
2017-11-12 04:27:00,10.98825,-120.624115,6.81,70.31911506875096
2017-11-12 04:28:00,10.988268,-120.62073,6.68,70.27731794672658
2017-11-12 04:29:00,10.988369,-120.617294,6.31,70.23535761902949
2017-11-12 04:30:00,10.988455,-120.61388,6.18,70.19345526134046
2017-11-12 04:31:00,10.988576,-120.61044,6.56,70.15147407144724
2017-11-12 04:32:00,10.988615,-120.607056,6.18,70.10966662735264
2017-11-12 04:33:00,10.988665,-120.60365,6.43,70.06780360365289
2017-11-12 04:34:00,10.988655,-120.600235,6.56,70.02595638808978
2017-11-12 04:35:00,10.98871,-120.59679,6.18,69.98400350211895
2017-11-12 04:36:00,10.988831,-120.59335,6.31,69.94202231222573
2017-11-12 04:37:00,10.988939,-120.589905,6.31,69.90003775341555
2017-11-12 04:38:00,10.98899,-120.586426,6.43,69.8580115213069
2017-11-12 04:39:00,10.98905,-120.58301,6.31,69.81612024614654
2017-11-12 04:40:00,10.989062,-120.57962,6.43,69.77431557200008
2017-11-12 04:41:00,10.989118,-120.57619,6.56,69.73239550160824
2017-11-12 04:42:00,10.989168,-120.57272,6.18,69.69038991500818
2017-11-12 04:43:00,10.989251,-120.56926,6.18,69.6483868830368
2017-11-12 04:44:00,10.989374,-120.56583,6.31,69.60642677339528
2017-11-12 04:45:00,10.98948,-120.56238,6.31,69.56443227206002
2017-11-12 04:46:00,10.989534,-120.558945,6.56,69.52250225914307
2017-11-12 04:47:00,10.989549,-120.55556,6.56,69.48070692992096
2017-11-12 04:48:00,10.989554,-120.55206,6.18,69.43866140899475
2017-11-12 04:49:00,10.989618,-120.54863,6.31,69.39673655779701
2017-11-12 04:50:00,10.989749,-120.5452,6.43,69.35477166734951
2017-11-12 04:51:00,10.989842,-120.54173,6.43,69.31274038391756
2017-11-12 04:52:00,10.989921,-120.538315,6.43,69.27083998188843
2017-11-12 04:53:00,10.989953,-120.53487,6.56,69.22890084073465
2017-11-12 04:54:00,10.989973,-120.53142,6.56,69.1869577330632
2017-11-12 04:55:00,10.990039,-120.52797,6.43,69.14498713575762
2017-11-12 04:56:00,10.990151,-120.524506,6.43,69.10295786318346
2017-11-12 04:57:00,10.990252,-120.52104,6.31,69.06093070912682
2017-11-12 04:58:00,10.990324,-120.51759,6.31,69.01895652621678
2017-11-12 04:59:00,10.990363,-120.514206,6.56,68.97714908212217
2017-11-12 05:00:00,10.990361,-120.51077,6.31,68.93525030730146
2017-11-12 05:01:00,10.990421,-120.50734,6.43,68.89332784650668
2017-11-12 05:02:00,10.990513,-120.50389,6.43,68.85134171158181
2017-11-12 05:03:00,10.990587,-120.50047,6.31,68.80943315982981
2017-11-12 05:04:00,10.990679,-120.49704,6.18,68.76749157581126
2017-11-12 05:05:00,10.990755,-120.49362,6.31,68.7255818288578
2017-11-12 05:06:00,10.990799,-120.49025,5.8,68.6838025823939
2017-11-12 05:07:00,10.990831,-120.486786,5.67,68.64182111787908
2017-11-12 05:08:00,10.990854,-120.48331,5.8,68.59981830122717
2017-11-12 05:09:00,10.990972,-120.47983,5.55,68.55774980232349
2017-11-12 05:10:00,10.991078,-120.47638,5.67,68.51575530098822
2017-11-12 05:11:00,10.991203,-120.47293,5.42,68.47374944523884
2017-11-12 05:12:00,10.991201,-120.46947,5.55,68.43179720933053
2017-11-12 05:13:00,10.991209,-120.46597,5.42,68.38974989560212
2017-11-12 05:14:00,10.991264,-120.46246,5.3,68.34765221918563
2017-11-12 05:15:00,10.991327,-120.459015,5.3,68.30569455240887
2017-11-12 05:16:00,10.991451,-120.45552,5.42,68.26358905472098
2017-11-12 05:17:00,10.991545,-120.45206,5.42,68.22157944914144
2017-11-12 05:18:00,10.991614,-120.44859,5.42,68.17956250812728
2017-11-12 05:19:00,10.991652,-120.445145,5.55,68.13761978136905
2017-11-12 05:20:00,10.991665,-120.44165,5.55,68.09558061736351
2017-11-12 05:21:00,10.991713,-120.438156,5.55,68.05352276487734
2017-11-12 05:22:00,10.991808,-120.43472,5.67,68.01156602278466
2017-11-12 05:23:00,10.991909,-120.4312,5.93,67.96941858128089
2017-11-12 05:24:00,10.991971,-120.42775,5.67,67.92745037437827
2017-11-12 05:25:00,10.991986,-120.42427,5.67,67.88544342835101
2017-11-12 05:26:00,10.992035,-120.42084,5.8,67.84352754116438
2017-11-12 05:27:00,10.992113,-120.41736,5.67,67.80148294629038
2017-11-12 05:28:00,10.992206,-120.413956,5.93,67.75959868084934
2017-11-12 05:29:00,10.992286,-120.41054,5.67,67.71769545367414
2017-11-12 05:30:00,10.992385,-120.407135,5.55,67.67580537508336
2017-11-12 05:31:00,10.992451,-120.40376,5.42,67.63400184367657
2017-11-12 05:32:00,10.992468,-120.40033,5.8,67.59210507971368
2017-11-12 05:33:00,10.992498,-120.39693,5.55,67.55026737330067
2017-11-12 05:34:00,10.992541,-120.39349,5.8,67.50833279626531
2017-11-12 05:35:00,10.992651,-120.390015,5.93,67.46628021589416
2017-11-12 05:36:00,10.992732,-120.3866,5.8,67.42437861866352
2017-11-12 05:37:00,10.992846,-120.38316,5.8,67.38240161197551
2017-11-12 05:38:00,10.992909,-120.37967,5.8,67.34034370565946
2017-11-12 05:39:00,10.992964,-120.376236,5.67,67.2984153226871
2017-11-12 05:40:00,10.992985,-120.372894,5.67,67.25671219230917
2017-11-12 05:41:00,10.993041,-120.36946,5.67,67.21478321173608
2017-11-12 05:42:00,10.993096,-120.366,5.8,67.17279691258545
2017-11-12 05:43:00,10.993122,-120.362595,5.55,67.13095045884884
2017-11-12 05:44:00,10.993211,-120.359085,5.67,67.08883246400714
2017-11-12 05:45:00,10.993362,-120.35564,5.55,67.04682220836507
2017-11-12 05:46:00,10.993436,-120.352264,5.67,67.00501166860705
2017-11-12 05:47:00,10.99349,-120.348755,5.8,66.96291681733662
2017-11-12 05:48:00,10.993503,-120.345276,5.55,66.92091329405616
2017-11-12 05:49:00,10.993526,-120.34172,5.55,66.87873227377885
2017-11-12 05:50:00,10.993537,-120.33829,5.8,66.83683909542043
2017-11-12 05:51:00,10.993632,-120.33476,5.67,66.79467296406794
2017-11-12 05:52:00,10.993786,-120.331314,5.67,66.75265868807834
2017-11-12 05:53:00,10.993897,-120.32794,5.67,66.71083049218346
2017-11-12 05:54:00,10.994,-120.324554,5.67,66.66898034655074
2017-11-12 05:55:00,10.993997,-120.321106,5.55,66.62705543878697
2017-11-12 05:56:00,10.994016,-120.3176,5.55,66.58498818617849
2017-11-12 05:57:00,10.994018,-120.31418,5.67,66.54312266167989
2017-11-12 05:58:00,10.994114,-120.31076,5.55,66.50120096271158
2017-11-12 05:59:00,10.994201,-120.30736,5.42,66.45932919305628
2017-11-12 06:00:00,10.994312,-120.30397,5.67,66.41746535643634
2017-11-12 06:01:00,10.994399,-120.30055,5.42,66.37554903587467
2017-11-12 06:02:00,10.994453,-120.29706,5.42,66.3334965079653
2017-11-12 06:03:00,10.994498,-120.293655,5.42,66.29163869981457
2017-11-12 06:04:00,10.994531,-120.29021,5.55,66.24969896106005
2017-11-12 06:05:00,10.994573,-120.28677,5.42,66.20776498162544
2017-11-12 06:06:00,10.994654,-120.283356,5.42,66.16586561194013
2017-11-12 06:07:00,10.994706,-120.27986,5.3,66.12380091396035
2017-11-12 06:08:00,10.994807,-120.2764,5.42,66.08178712517562
2017-11-12 06:09:00,10.994856,-120.272964,5.3,66.03985787271709
2017-11-12 06:10:00,10.994915,-120.26958,5.55,65.99803847660765
2017-11-12 06:11:00,10.995018,-120.26607,5.3,65.95591211535555
2017-11-12 06:12:00,10.995081,-120.26262,5.3,65.91394331085219
2017-11-12 06:13:00,10.995123,-120.25911,5.55,65.8718534032454
2017-11-12 06:14:00,10.995157,-120.255585,5.55,65.82973486326473
2017-11-12 06:15:00,10.995216,-120.25209,5.55,65.78766820962505
2017-11-12 06:16:00,10.995286,-120.2486,5.42,65.74560612010382
2017-11-12 06:17:00,10.995406,-120.24515,5.55,65.70360325235816
2017-11-12 06:18:00,10.995484,-120.24165,5.55,65.66151410657783
2017-11-12 06:19:00,10.99561,-120.23819,5.55,65.61948537777454
2017-11-12 06:20:00,10.995639,-120.234695,5.67,65.57743665215712
2017-11-12 06:21:00,10.995651,-120.23117,5.67,65.53533125939282
2017-11-12 06:22:00,10.995674,-120.22771,5.55,65.49336408346596
2017-11-12 06:23:00,10.995758,-120.22423,5.93,65.4513159029875
2017-11-12 06:24:00,10.995837,-120.220795,5.67,65.409370950052
2017-11-12 06:25:00,10.995947,-120.217255,5.8,65.3671735792352
2017-11-12 06:26:00,10.996,-120.21373,5.93,65.32504368484048
2017-11-12 06:27:00,10.996088,-120.210205,6.05,65.28289287441979
2017-11-12 06:28:00,10.996116,-120.206726,6.05,65.24088038712819
2017-11-12 06:29:00,10.99618,-120.20326,5.93,65.198875344299
2017-11-12 06:30:00,10.996235,-120.19974,5.93,65.15675539242937
2017-11-12 06:31:00,10.996286,-120.19626,5.93,65.11472693277537
2017-11-12 06:32:00,10.996367,-120.19275,5.93,65.07261371873965
2017-11-12 06:33:00,10.996453,-120.189285,6.05,65.03059775623944
2017-11-12 06:34:00,10.996543,-120.18576,6.05,64.98844575061726
2017-11-12 06:35:00,10.996621,-120.182236,6.05,64.9463031437493
2017-11-12 06:36:00,10.996686,-120.17882,6.05,64.90440888058524
2017-11-12 06:37:00,10.996716,-120.17526,6.05,64.86221476692144
2017-11-12 06:38:00,10.996729,-120.17169,5.93,64.82000853701713
2017-11-12 06:39:00,10.996788,-120.16814,5.93,64.777819368385
2017-11-12 06:40:00,10.996848,-120.16461,6.05,64.73567415305848
2017-11-12 06:41:00,10.996957,-120.16109,6.05,64.69352193074879
2017-11-12 06:42:00,10.997091,-120.15747,6.05,64.65113201388881
2017-11-12 06:43:00,10.997173,-120.15393,6.18,64.6089513758928
2017-11-12 06:44:00,10.997225,-120.150406,6.05,64.56682430664412
2017-11-12 06:45:00,10.997256,-120.14697,6.31,64.52490581099893
2017-11-12 06:46:00,10.997277,-120.14346,6.31,64.48282845300771
2017-11-12 06:47:00,10.997292,-120.13994,6.05,64.44073240516775
2017-11-12 06:48:00,10.997372,-120.136444,6.18,64.39865097436719
2017-11-12 06:49:00,10.997495,-120.13295,6.31,64.35654830182533
2017-11-12 06:50:00,10.997607,-120.129364,6.31,64.31424726872245
2017-11-12 06:51:00,10.997694,-120.125824,6.43,64.27206364272273
2017-11-12 06:52:00,10.997718,-120.122284,6.56,64.22991766556976
2017-11-12 06:53:00,10.997725,-120.11873,6.31,64.18775066199495
2017-11-12 06:54:00,10.99776,-120.115204,6.56,64.1456292968683
2017-11-12 06:55:00,10.99787,-120.111694,6.43,64.10349875241099
2017-11-12 06:56:00,10.997974,-120.108185,6.43,64.0613740211035
2017-11-12 06:57:00,10.998071,-120.10475,6.18,64.01941831135466
2017-11-12 06:58:00,10.998141,-120.10124,6.18,63.97731167092708
2017-11-12 06:59:00,10.998184,-120.09767,6.31,63.93508751300046
2017-11-12 07:00:00,10.998217,-120.09416,6.31,63.89300298380035
2017-11-12 07:01:00,10.99829,-120.09065,6.31,63.8508945505705
2017-11-12 07:02:00,10.998337,-120.08717,6.31,63.808868481319514
2017-11-12 07:03:00,10.998401,-120.08371,6.18,63.76687680376223
2017-11-12 07:04:00,10.998511,-120.08023,6.05,63.72481308566448
2017-11-12 07:05:00,10.998609,-120.07678,6.05,63.68282336513515
2017-11-12 07:06:00,10.998654,-120.07327,5.8,63.6407316647261
2017-11-12 07:07:00,10.998686,-120.06976,6.18,63.59864773312671
2017-11-12 07:08:00,10.998708,-120.06619,5.93,63.55643612481571
2017-11-12 07:09:00,10.998796,-120.0627,5.93,63.51436327848112
2017-11-12 07:10:00,10.998899,-120.059235,6.05,63.4723371567683
2017-11-12 07:11:00,10.999002,-120.055756,5.93,63.430279849421055
2017-11-12 07:12:00,10.999068,-120.052185,5.93,63.38803971913206
2017-11-12 07:13:00,10.999101,-120.048645,5.93,63.3458883635724
2017-11-12 07:14:00,10.999123,-120.045135,5.67,63.30381040798045
2017-11-12 07:15:00,10.99919,-120.04155,5.8,63.261538494456296
2017-11-12 07:16:00,10.999278,-120.037994,6.05,63.21931863013073
2017-11-12 07:17:00,10.999374,-120.03456,5.8,63.177365745527965
2017-11-12 07:18:00,10.999465,-120.03105,5.93,63.135246555484784
2017-11-12 07:19:00,10.999518,-120.02748,5.8,63.09301642155077
2017-11-12 07:20:00,10.999554,-120.023895,5.8,63.05076303364961
2017-11-12 07:21:00,10.999586,-120.020325,5.93,63.008545449331194
2017-11-12 07:22:00,10.999633,-120.016754,5.67,62.966316673456326
2017-11-12 07:23:00,10.999747,-120.013245,5.8,62.92418596614139
2017-11-12 07:24:00,10.999837,-120.00975,5.67,62.882100786878716
2017-11-12 07:25:00,10.999933,-120.00618,5.8,62.83984495611279
2017-11-12 07:26:00,10.999905,-120.00342,5.8,62.79946753954588
2017-11-12 07:27:00,10.999936,-120.00165,5.67,62.76126013439926
2017-11-12 07:28:00,10.999974,-120.00049,5.67,62.72440734869097
2017-11-12 07:29:00,11.000024,-119.99968,5.55,62.68832703263483
2017-11-12 07:30:00,11.00011,-119.99913,5.8,62.65280436473446
2017-11-12 07:31:00,11.000157,-119.99893,5.42,62.61808464412409
2017-11-12 07:32:00,11.000165,-119.99895,5.55,62.58387828991242
2017-11-12 07:33:00,11.00016,-119.99896,5.42,62.549657429057255
2017-11-12 07:34:00,11.000169,-119.99896,5.8,62.51540592633852
2017-11-12 07:35:00,11.000148,-119.99896,5.42,62.48117235164205
2017-11-12 07:36:00,11.000146,-119.99898,5.67,62.446971973437826
2017-11-12 07:37:00,11.000158,-119.99898,5.55,62.412718677916864
2017-11-12 07:38:00,11.000157,-119.99896,5.8,62.3784286002992
2017-11-12 07:39:00,11.000147,-119.99898,5.55,62.34423300290091
2017-11-12 07:40:00,11.000156,-119.99898,5.42,62.30998150018218
2017-11-12 07:41:00,11.000146,-119.99898,5.67,62.275741351877535
2017-11-12 07:42:00,11.000145,-119.99899,5.93,62.24151810061941
2017-11-12 07:43:00,11.000152,-119.99899,5.42,62.20726779310215
2017-11-12 07:44:00,11.000139,-119.99899,5.42,62.17302943759974
2017-11-12 07:45:00,11.00014,-119.99898,5.55,62.13876044023377
2017-11-12 07:46:00,11.000147,-119.99899,5.67,62.10453240816969
2017-11-12 07:47:00,11.000185,-119.99898,5.55,62.07024129957626
2017-11-12 07:48:00,11.000171,-119.99895,5.55,62.035936715315046
2017-11-12 07:49:00,11.000139,-119.99898,5.67,62.00177654058627
2017-11-12 07:50:00,11.00018,-119.99898,5.8,61.967505914643795
2017-11-12 07:51:00,11.000134,-119.99896,5.55,61.93324272905951
2017-11-12 07:52:00,11.00014,-119.99898,5.8,61.899037570049366
2017-11-12 07:53:00,11.000141,-119.99898,5.93,61.864790848136565
2017-11-12 07:54:00,11.000133,-119.99899,5.67,61.83057178008363
2017-11-12 07:55:00,11.000143,-119.99899,5.67,61.79631967976414
2017-11-12 07:56:00,11.000153,-119.99895,5.42,61.76197847763194
2017-11-12 07:57:00,11.000145,-119.99898,5.42,61.72780396048537
2017-11-12 07:58:00,11.000127,-119.99898,5.67,61.693568592986665
2017-11-12 07:59:00,11.000122,-119.99899,5.55,61.659347732131494
2017-11-12 08:00:00,11.00013,-119.99901,5.67,61.62514137791983
2017-11-12 08:01:00,11.000145,-119.99896,5.93,61.59077491233078
2017-11-12 08:02:00,11.000152,-119.99899,5.8,61.55659143117307
2017-11-12 08:03:00,11.00014,-119.99899,5.8,61.52235247806991
2017-11-12 08:04:00,11.000134,-119.99899,6.05,61.48810993936231
2017-11-12 08:05:00,11.000159,-119.99899,5.8,61.453848875031696
2017-11-12 08:06:00,11.000133,-119.99898,5.8,61.419596012885755
2017-11-12 08:07:00,11.000142,-119.99901,5.8,61.38541133652653
2017-11-12 08:08:00,11.000142,-119.99898,5.8,61.35109838585496
2017-11-12 08:09:00,11.000146,-119.99899,6.18,61.31687214659312
2017-11-12 08:10:00,11.000145,-119.99899,6.18,61.2826266198818
2017-11-12 08:11:00,11.000139,-119.99898,6.05,61.248361805721025
2017-11-12 08:12:00,11.000139,-119.99898,6.31,61.214115681408956
2017-11-12 08:13:00,11.000128,-119.99899,6.31,61.17989840615824
2017-11-12 08:14:00,11.000138,-119.99899,6.18,61.14564630583877
2017-11-12 08:15:00,11.000146,-119.99898,6.31,61.11137312526759
2017-11-12 08:16:00,11.000137,-119.99899,6.18,61.077154654815395
2017-11-12 08:17:00,11.000139,-119.99898,6.18,61.04288505984867
2017-11-12 08:18:00,11.000147,-119.99899,6.18,61.00865643018386
2017-11-12 08:19:00,11.000135,-119.99898,6.05,60.97439520162752
2017-11-12 08:20:00,11.000135,-119.99896,6.18,60.9401045264091
2017-11-12 08:21:00,11.000153,-119.99835,6.18,60.90448884264018
2017-11-12 08:22:00,11.000601,-119.997116,5.93,60.86722620227421
2017-11-12 08:23:00,11.001913,-119.99638,6.05,60.83055655243513
2017-11-12 08:24:00,11.003844,-119.99606,6.05,60.794443646588704
2017-11-12 08:25:00,11.006189,-119.99576,6.05,60.75812788494147
2017-11-12 08:26:00,11.00891,-119.99545,5.8,60.721565149962046
2017-11-12 08:27:00,11.011825,-119.995224,6.05,60.6850735942453
2017-11-12 08:28:00,11.014801,-119.99519,6.05,60.64897327358423
2017-11-12 08:29:00,11.017869,-119.99519,6.05,60.6307046338131
2017-11-12 08:30:00,11.021002,-119.9953,5.8,60.923052603802425
2017-11-12 08:31:00,11.024132,-119.99544,5.93,61.21544209568357
2017-11-12 08:32:00,11.027208,-119.99556,6.05,61.50733155623961
2017-11-12 08:33:00,11.030333,-119.99568,5.8,61.799634323101564
2017-11-12 08:34:00,11.033417,-119.99582,6.05,62.09163581314452
2017-11-12 08:35:00,11.036577,-119.99596,5.93,62.38427834970272
2017-11-12 08:36:00,11.039703,-119.99608,6.05,62.67658955138726
2017-11-12 08:37:00,11.042814,-119.996216,6.05,62.968809871458305
2017-11-12 08:38:00,11.045941,-119.99634,5.93,63.261138418146665
2017-11-12 08:39:00,11.049081,-119.99646,6.05,63.553567707347135
2017-11-12 08:40:00,11.052101,-119.9966,5.93,63.845029368745664
2017-11-12 08:41:00,11.055246,-119.99672,5.67,64.13750083205899
2017-11-12 08:42:00,11.058374,-119.996826,5.93,55.04632033892764
2017-11-12 08:43:00,11.061458,-119.99695,5.42,55.074510724944304
2017-11-12 08:44:00,11.064485,-119.99707,5.67,55.041494572150846
2017-11-12 08:45:00,11.067604,-119.99716,5.55,55.00828790761005
2017-11-12 08:46:00,11.070671,-119.99727,5.55,54.97519941439966
2017-11-12 08:47:00,11.07371,-119.99736,5.67,54.94206849129764
2017-11-12 08:48:00,11.076781,-119.99748,5.67,54.90901068071286
2017-11-12 08:49:00,11.079836,-119.997574,5.42,54.875878397202136
2017-11-12 08:50:00,11.082862,-119.997696,5.55,54.84287008511622
2017-11-12 08:51:00,11.085949,-119.99782,5.3,54.80981091412273
2017-11-12 08:52:00,11.089043,-119.99794,5.67,54.77673132787428
2017-11-12 08:53:00,11.092113,-119.99803,5.55,54.74357105496475
2017-11-12 08:54:00,11.095181,-119.99814,5.42,54.710481614986364
2017-11-12 08:55:00,11.098266,-119.998184,5.3,54.67714857994811
2017-11-12 08:56:00,11.101297,-119.99826,5.3,54.643976973413395
2017-11-12 08:57:00,11.104384,-119.99834,5.3,54.61076613575051
2017-11-12 08:58:00,11.107448,-119.99843,5.42,54.57761154344888
2017-11-12 08:59:00,11.110481,-119.998505,5.42,54.544434596408394
2017-11-12 09:00:00,11.113569,-119.99861,5.3,54.51130898622151
2017-11-12 09:01:00,11.116619,-119.9987,5.42,54.47816764867167
2017-11-12 09:02:00,11.119661,-119.998764,5.42,54.44494426405197
2017-11-12 09:03:00,11.122755,-119.998856,5.3,54.41176816265034
2017-11-12 09:04:00,11.125852,-119.99893,5.42,54.378527175489076
2017-11-12 09:05:00,11.128909,-119.99904,5.42,54.34544814995847
2017-11-12 09:06:00,11.132,-119.999146,5.42,54.35744193999069
2017-11-12 09:07:00,11.135054,-119.99928,5.17,54.37976325728603
2017-11-12 09:08:00,11.138112,-119.999405,5.67,54.402056898347396
2017-11-12 09:09:00,11.141164,-119.99956,5.3,54.424448124522215
2017-11-12 09:10:00,11.144286,-119.99968,5.42,54.44677129953499
2017-11-12 09:11:00,11.147342,-119.99979,5.42,54.470121469284
2017-11-12 09:12:00,11.150422,-119.99986,5.3,54.50574963273371
2017-11-12 09:13:00,11.153501,-120.00003,5.55,54.54170431520314
2017-11-12 09:14:00,11.15654,-120.00014,5.42,54.57741408951141
2017-11-12 09:15:00,11.159588,-120.00012,5.42,54.61270868158099
2017-11-12 09:16:00,11.16266,-120.0,5.42,54.64770451141013
2017-11-12 09:17:00,11.165773,-119.99988,5.3,54.682749820715216
2017-11-12 09:18:00,11.168884,-119.99986,5.42,54.71812044222348
2017-11-12 09:19:00,11.171962,-119.999954,5.42,54.75382484624093
2017-11-12 09:20:00,11.175009,-120.00003,5.55,54.789432848296755
2017-11-12 09:21:00,11.178109,-120.00008,5.3,54.825019602909
2017-11-12 09:22:00,11.181055,-120.00006,5.67,54.860191099697
2017-11-12 09:23:00,11.184104,-119.999985,5.3,54.89530664937317
2017-11-12 09:24:00,11.187159,-119.99991,5.3,54.93042943994832
2017-11-12 09:25:00,11.190203,-119.99992,5.3,54.96581752250283
2017-11-12 09:26:00,11.193241,-119.99994,5.3,55.001231136742035
2017-11-12 09:27:00,11.196271,-120.0,5.42,55.036766186783844
2017-11-12 09:28:00,11.199325,-120.000046,5.04,55.07228431880424
2017-11-12 09:29:00,11.202417,-120.000046,5.42,55.107697555966496
2017-11-12 09:30:00,11.205486,-120.00003,5.3,55.14303060021577
2017-11-12 09:31:00,11.208541,-120.0,5.3,55.178300867417185
2017-11-12 09:32:00,11.211615,-120.0,5.55,55.213692381882694
2017-11-12 09:33:00,11.21472,-119.999985,5.42,55.24907214878383
2017-11-12 09:34:00,11.217805,-119.999985,5.42,55.28447693823068
2017-11-12 09:35:00,11.22087,-119.99997,5.55,55.319808432472406
2017-11-12 09:36:00,11.223932,-119.99997,5.8,55.35518546514007
2017-11-12 09:37:00,11.226968,-119.99997,6.05,55.39053112057907
2017-11-12 09:38:00,11.229949,-120.0,5.8,55.425908718862146
2017-11-12 09:39:00,11.232973,-120.00003,5.93,55.46133821025415
2017-11-12 09:40:00,11.236025,-120.000015,5.8,55.49665401588155
2017-11-12 09:41:00,11.239078,-119.999985,5.42,55.53192186944995
2017-11-12 09:42:00,11.242074,-119.99997,5.42,55.56717009335409
2017-11-12 09:43:00,11.24506,-119.999954,5.42,55.602402971834984
2017-11-12 09:44:00,11.248044,-119.99994,5.67,55.637639991199585
2017-11-12 09:45:00,11.251102,-119.99997,5.42,55.67311051435219
2017-11-12 09:46:00,11.254118,-119.99997,5.67,55.70843203346146
2017-11-12 09:47:00,11.257113,-119.999985,5.55,55.74377736829991
2017-11-12 09:48:00,11.26011,-120.0,5.55,55.779125116771375
2017-11-12 09:49:00,11.263122,-120.00003,5.55,55.81454012636554
2017-11-12 09:50:00,11.266117,-120.00003,5.67,55.8498363023286
2017-11-12 09:51:00,11.269141,-120.0,5.8,55.88506915821893
2017-11-12 09:52:00,11.272147,-119.99997,5.55,55.9202802914125
2017-11-12 09:53:00,11.275121,-119.999954,5.67,55.955498688095545
2017-11-12 09:54:00,11.278064,-120.0,5.55,55.99088286348592
2017-11-12 09:55:00,11.281089,-120.000046,5.8,56.026365997828215
2017-11-12 09:56:00,11.284122,-120.00006,5.55,56.06175391443485
2017-11-12 09:57:00,11.287115,-120.00003,5.67,56.09694935901405
2017-11-12 09:58:00,11.290065,-120.0,5.93,56.13209291048437
2017-11-12 09:59:00,11.293032,-119.99997,5.93,56.16725697783497
2017-11-12 10:00:00,11.296049,-119.999954,5.93,56.20252726762693
2017-11-12 10:01:00,11.299031,-119.999954,5.8,56.237807754975655
2017-11-12 10:02:00,11.302071,-120.0,5.8,56.27330899156525
2017-11-12 10:03:00,11.305105,-120.000046,5.93,56.30880298725591
2017-11-12 10:04:00,11.308138,-120.000046,5.93,56.34414502224546
2017-11-12 10:05:00,11.311187,-120.0,5.67,56.379355612414166
2017-11-12 10:06:00,11.314185,-119.99997,5.55,56.41455709107584
2017-11-12 10:07:00,11.317195,-119.999954,5.67,56.44981893315241
2017-11-12 10:08:00,11.320211,-119.999954,5.67,56.485140452261675
2017-11-12 10:09:00,11.323234,-120.0,5.55,56.52062117297098
2017-11-12 10:10:00,11.326316,-120.0,5.42,56.55602234196838
2017-11-12 10:11:00,11.329386,-119.999985,5.42,56.591359870292486
2017-11-12 10:12:00,11.332436,-120.0,5.55,56.62677158003775
2017-11-12 10:13:00,11.335512,-120.000015,5.67,56.66160792060908
2017-11-12 10:14:00,11.338599,-120.0,5.55,56.68004620826131
2017-11-12 10:15:00,11.341688,-119.999985,5.67,56.6984857392883
2017-11-12 10:16:00,11.344777,-119.999954,5.55,56.71687249890091
2017-11-12 10:17:00,11.347846,-119.99997,5.42,56.73540184079578
2017-11-12 10:18:00,11.350921,-120.000015,5.3,56.75403056100353
2017-11-12 10:19:00,11.353998,-120.00006,5.42,56.77266052458601
2017-11-12 10:20:00,11.35709,-120.00006,5.55,56.791151393876156
2017-11-12 10:21:00,11.360192,-120.0,5.3,56.80945058723603
2017-11-12 10:22:00,11.363217,-119.999954,5.3,56.82774808565546
2017-11-12 10:23:00,11.366301,-119.999954,5.3,56.846233981446574
2017-11-12 10:24:00,11.369334,-119.999985,5.3,56.86479041579682
2017-11-12 10:25:00,11.372392,-120.000015,5.3,56.883359094118155
2017-11-12 10:26:00,11.375442,-120.00006,5.67,56.90197227214145
2017-11-12 10:27:00,11.378487,-120.00006,5.42,56.92043392212483
2017-11-12 10:28:00,11.381528,-120.000015,5.42,56.9387446657557
2017-11-12 10:29:00,11.384559,-119.999954,5.3,56.95699642109836
2017-11-12 10:30:00,11.387615,-119.99994,5.17,56.97541873465528
2017-11-12 10:31:00,11.390616,-119.99997,5.3,56.9939519767961
2017-11-12 10:32:00,11.393655,-120.000046,5.42,57.012660560873606
2017-11-12 10:33:00,11.396694,-120.00009,5.42,57.031263602122365
2017-11-12 10:34:00,11.399713,-120.00006,5.42,57.04961014183191
2017-11-12 10:35:00,11.402739,-119.99992,5.42,57.067598229879074
2017-11-12 10:36:00,11.40577,-119.99989,5.42,57.08595222983715
2017-11-12 10:37:00,11.408804,-119.99997,5.42,57.10467089833143
2017-11-12 10:38:00,11.411804,-120.000046,5.42,57.12335523660121
2017-11-12 10:39:00,11.414797,-120.00008,5.3,57.14189669809656
2017-11-12 10:40:00,11.41784,-120.000046,5.42,57.16024496544958
2017-11-12 10:41:00,11.42087,-120.0,5.3,57.17854557230591
2017-11-12 10:42:00,11.42387,-119.999985,5.3,57.19692977315626
2017-11-12 10:43:00,11.426946,-119.99994,5.42,57.215262275845355
2017-11-12 10:44:00,11.429948,-119.999954,5.42,57.23374336825912
2017-11-12 10:45:00,11.432959,-120.000015,5.04,57.252385071889094
2017-11-12 10:46:00,11.435963,-120.00006,5.3,57.270969652293
2017-11-12 10:47:00,11.43904,-120.000046,5.3,57.28940502128486
2017-11-12 10:48:00,11.442078,-120.0,5.55,57.307710601640174
2017-11-12 10:49:00,11.445137,-119.999985,5.3,57.32613148204584
2017-11-12 10:50:00,11.448149,-119.999954,5.42,57.34447037173037
2017-11-12 10:51:00,11.451179,-119.99997,5.3,57.3629754678175
2017-11-12 10:52:00,11.45422,-120.000015,5.42,57.3815830506544
2017-11-12 10:53:00,11.457291,-120.00003,5.42,57.40011033771057
2017-11-12 10:54:00,11.46034,-120.0,5.42,57.418475528041476
2017-11-12 10:55:00,11.463333,-119.999954,5.42,57.43675313246481
2017-11-12 10:56:00,11.466349,-119.999954,5.42,57.45519675351425
2017-11-12 10:57:00,11.469382,-119.999985,5.42,57.47375318786448
2017-11-12 10:58:00,11.472425,-120.000015,5.42,57.49231254087516
2017-11-12 10:59:00,11.475443,-120.000046,5.67,57.51085964991473
2017-11-12 11:00:00,11.478437,-120.00003,5.42,57.529236822427436
2017-11-12 11:01:00,11.481439,-120.000015,5.3,57.54762226665259
2017-11-12 11:02:00,11.484495,-119.999954,5.55,57.56588956417971
2017-11-12 11:03:00,11.487457,-119.99994,5.42,57.58425343912312
2017-11-12 11:04:00,11.490507,-119.99994,5.55,58.04924858250242
2017-11-12 11:05:00,11.4935,-120.000015,5.42,58.5684930036586
2017-11-12 11:06:00,11.496464,-120.00003,5.67,59.08737933885783
2017-11-12 11:07:00,11.499414,-120.00003,5.42,59.606007965821235
2017-11-12 11:08:00,11.502445,-119.999985,5.55,60.1269282043468
2017-11-12 11:09:00,11.505417,-119.999954,5.42,60.646293317492734
2017-11-12 11:10:00,11.50846,-119.999954,5.42,61.167239184074525
2017-11-12 11:11:00,11.511471,-119.99997,5.42,61.68729052245804
2017-11-12 11:12:00,11.514439,-120.0,5.42,62.20618540034262
2017-11-12 11:13:00,11.517469,-120.00003,5.67,62.72662510463947
2017-11-12 11:14:00,11.520427,-120.00003,5.55,63.24545306404315
2017-11-12 11:15:00,11.523366,-120.0,5.42,63.7639898559706
2017-11-12 11:16:00,11.526292,-119.99994,5.42,64.28238497975211
2017-11-12 11:17:00,11.529273,-119.999954,5.55,64.8017009712892
2017-11-12 11:18:00,11.532199,-120.0,5.42,65.3194521554252
2017-11-12 11:19:00,11.535188,-120.000015,5.42,65.83896140450021
2017-11-12 11:20:00,11.538159,-120.000015,5.42,66.3581132791194
2017-11-12 11:21:00,11.541126,-120.000015,5.55,66.8771654875184
2017-11-12 11:22:00,11.5441,-120.0,5.42,67.39648323533743
2017-11-12 11:23:00,11.547036,-120.0,5.55,67.91476303053032
2017-11-12 11:24:00,11.550023,-119.999985,5.42,68.4344046935648
2017-11-12 11:25:00,11.552924,-120.0,5.3,68.9517212857967
2017-11-12 11:26:00,11.555907,-120.00003,5.55,69.4709899120068
2017-11-12 11:27:00,11.558892,-120.00003,5.42,69.99049061839648
2017-11-12 11:28:00,11.561887,-119.999985,5.3,70.51051386094073
2017-11-12 11:29:00,11.564892,-119.99994,5.42,71.03078626903536
2017-11-12 11:30:00,11.567876,-119.999985,5.42,71.54998868826576
2017-11-12 11:31:00,11.570916,-120.000015,5.17,72.07067755811288
2017-11-12 11:32:00,11.573939,-120.00003,5.42,72.5910339700592
2017-11-12 11:33:00,11.576962,-120.000046,5.42,73.1113843071032
2017-11-12 11:34:00,11.579942,-120.0,5.17,73.63103987622421
2017-11-12 11:35:00,11.58299,-119.999954,5.17,74.15238977108768
2017-11-12 11:36:00,11.586012,-119.99997,5.42,74.67271519157661
2017-11-12 11:37:00,11.588973,-119.999954,5.17,75.19171509908246
2017-11-12 11:38:00,11.592052,-119.999985,5.3,75.7133696396738
2017-11-12 11:39:00,11.595112,-120.0,5.42,76.23464796415641
2017-11-12 11:40:00,11.59815,-120.00003,5.42,76.75528700089353
2017-11-12 11:41:00,11.601195,-120.000046,5.42,77.27618550214831
2017-11-12 11:42:00,11.604203,-120.000015,5.42,77.79644761127557
2017-11-12 11:43:00,11.607213,-119.999954,5.3,78.31694180058241
2017-11-12 11:44:00,11.61021,-119.99992,5.3,78.83694805231127
2017-11-12 11:45:00,11.61328,-119.99997,5.42,79.3582629207632
2017-11-12 11:46:00,11.616283,-120.0,5.17,79.87802987807405
2017-11-12 11:47:00,11.619268,-120.000015,5.3,80.39743946092894
2017-11-12 11:48:00,11.622289,-120.00003,5.17,80.91774603976523
2017-11-12 11:49:00,11.625339,-120.0,5.3,81.43904856930172
2017-11-12 11:50:00,11.628357,-119.99997,5.17,81.95955376907702
2017-11-12 11:51:00,11.631355,-119.999954,5.3,82.4794755891192
2017-11-12 11:52:00,11.634345,-119.999985,5.42,82.9989125563123
2017-11-12 11:53:00,11.637326,-120.0,5.04,83.51822247294706
2017-11-12 11:54:00,11.640389,-120.000015,5.17,84.0395755470948
2017-11-12 11:55:00,11.643418,-119.99997,5.04,84.56044595251029
2017-11-12 11:56:00,11.646394,-119.99992,5.04,85.08002615502045
2017-11-12 11:57:00,11.649468,-119.99992,5.3,85.60174443480834
2017-11-12 11:58:00,11.652503,-119.999985,5.42,86.1220961002993
2017-11-12 11:59:00,11.655514,-120.000015,5.17,86.64206239005037
2017-11-12 12:00:00,11.658543,-120.0,5.3,87.16275054839637
2017-11-12 12:01:00,11.661557,-119.999954,5.3,87.68325328038864
2017-11-12 12:02:00,11.6646,-119.999954,5.42,88.20419914697041
2017-11-12 12:03:00,11.667648,-119.999985,5.3,88.72508127435559
2017-11-12 12:04:00,11.670679,-120.000015,5.3,89.24554589520739
2017-11-12 12:05:00,11.673699,-120.000046,5.17,89.51661935804665
2017-11-12 12:06:00,11.676704,-120.00003,5.42,89.49371378617391
2017-11-12 12:07:00,11.679779,-119.999985,5.42,89.47085370315158
2017-11-12 12:08:00,11.682788,-119.99992,5.42,89.44802391269866
2017-11-12 12:09:00,11.685727,-119.99992,5.3,89.42509298499957
2017-11-12 12:10:00,11.688686,-120.0,5.42,89.40203858304916
2017-11-12 12:11:00,11.691698,-120.00006,5.42,89.37901559732745
2017-11-12 12:12:00,11.694709,-120.00009,5.17,89.35603897582635
2017-11-12 12:13:00,11.697696,-120.00003,5.42,89.33320124869425
2017-11-12 12:14:00,11.700726,-119.99994,5.3,89.3104103012534
2017-11-12 12:15:00,11.703787,-119.99986,5.42,89.28760418864282
2017-11-12 12:16:00,11.706838,-119.99988,5.42,89.26464340273002
2017-11-12 12:17:00,11.709833,-120.0,5.55,89.24152750915934
2017-11-12 12:18:00,11.712872,-120.00012,5.3,89.21841203105932
2017-11-12 12:19:00,11.715935,-120.00014,5.42,89.1954513584567
2017-11-12 12:20:00,11.718931,-120.000015,5.67,89.17271419257732
2017-11-12 12:21:00,11.721958,-119.99991,5.42,89.14994640364048
2017-11-12 12:22:00,11.724987,-119.99989,5.3,89.1270472415432
2017-11-12 12:23:00,11.728028,-119.99997,5.42,89.10399361387903
2017-11-12 12:24:00,11.730989,-120.00011,5.55,89.08084648348739
2017-11-12 12:25:00,11.733938,-120.00012,5.42,89.05790019232577
2017-11-12 12:26:00,11.736851,-120.00006,5.42,89.03506176644751
2017-11-12 12:27:00,11.739834,-119.99994,5.8,89.0123167488716
2017-11-12 12:28:00,11.742855,-119.99989,5.67,88.9894638848973
2017-11-12 12:29:00,11.745894,-119.99994,5.67,88.96645661201123
2017-11-12 12:30:00,11.748863,-120.000015,5.67,88.94341003342979
2017-11-12 12:31:00,11.751874,-120.00008,5.42,88.92037930932173
2017-11-12 12:32:00,11.754887,-120.000046,5.8,88.89750163718698
2017-11-12 12:33:00,11.757858,-119.99997,5.42,88.87468849159494
2017-11-12 12:34:00,11.760875,-119.99992,5.42,88.85183558985058
2017-11-12 12:35:00,11.763817,-119.99992,5.3,88.82890469047905
2017-11-12 12:36:00,11.766807,-120.000015,5.67,88.80582739441503
2017-11-12 12:37:00,11.769723,-120.00008,5.8,88.78279577326805
2017-11-12 12:38:00,11.77272,-120.00009,5.67,88.75984993534715
2017-11-12 12:39:00,11.775699,-120.00003,5.55,88.7370121326749
2017-11-12 12:40:00,11.778629,-119.99994,5.55,88.71422024098256
2017-11-12 12:41:00,11.781653,-119.99989,5.55,88.6894778213321
2017-11-12 12:42:00,11.784578,-119.99994,5.67,88.66101709855334
2017-11-12 12:43:00,11.787562,-120.00003,5.42,88.63248127071637
2017-11-12 12:44:00,11.790482,-120.00006,5.42,88.6040523830756
2017-11-12 12:45:00,11.793441,-120.00003,5.55,88.57570639925203
2017-11-12 12:46:00,11.796355,-119.99997,5.67,88.54741691924428
2017-11-12 12:47:00,11.799316,-119.99994,5.93,88.5190704686949
2017-11-12 12:48:00,11.802247,-119.99997,5.93,88.49063901406217
2017-11-12 12:49:00,11.805179,-120.00003,5.42,88.4621613235814
2017-11-12 12:50:00,11.808085,-120.000046,5.3,88.43375717084771
2017-11-12 12:51:00,11.811008,-120.0,6.05,88.40544412274743
2017-11-12 12:52:00,11.813891,-119.99997,6.31,88.3771158745045
2017-11-12 12:53:00,11.816831,-120.0,6.31,88.34868231960569
2017-11-12 12:54:00,11.819755,-119.999985,6.31,88.32032150224111
2017-11-12 12:55:00,11.822678,-120.0,6.05,88.29191491575425
2017-11-12 12:56:00,11.825587,-119.99997,5.8,88.26358060007583
2017-11-12 12:57:00,11.82851,-119.99997,5.67,88.23519701483156
2017-11-12 12:58:00,11.83145,-120.000015,5.67,88.20674045869012
2017-11-12 12:59:00,11.83435,-120.00003,5.8,88.17833923955007
2017-11-12 13:00:00,11.837329,-120.00003,5.67,88.14994258598318
2017-11-12 13:01:00,11.840261,-120.000015,5.8,88.12157990171538
2017-11-12 13:02:00,11.843199,-119.99997,5.67,88.09326181975538
2017-11-12 13:03:00,11.846072,-119.999954,5.67,88.06491443731505
2017-11-12 13:04:00,11.849021,-119.99992,5.55,88.0365769207852
2017-11-12 13:05:00,11.851904,-119.999985,5.67,88.00810299800582
2017-11-12 13:06:00,11.85482,-120.000046,5.67,87.97962750791531
2017-11-12 13:07:00,11.857774,-120.000046,5.55,87.95123668842102
2017-11-12 13:08:00,11.860619,-120.000015,5.42,87.92291884138459
2017-11-12 13:09:00,11.863531,-119.99997,5.67,87.8946068268601
2017-11-12 13:10:00,11.866489,-119.99994,5.42,87.86626107639941
2017-11-12 13:11:00,11.869367,-119.999954,5.3,87.83786652465935
2017-11-12 13:12:00,11.872255,-120.0,5.55,87.80942056997273
2017-11-12 13:13:00,11.875149,-120.000046,5.3,87.7809732151087
2017-11-12 13:14:00,11.878013,-120.000046,5.55,87.75260339827577
2017-11-12 13:15:00,11.880901,-119.999985,5.55,87.72432151911971
2017-11-12 13:16:00,11.883779,-119.99994,5.67,87.69601743893391
2017-11-12 13:17:00,11.886668,-119.99994,5.55,87.66764178802836
2017-11-12 13:18:00,11.889542,-119.999985,5.55,87.63920063383856
2017-11-12 13:19:00,11.892428,-120.00006,5.55,87.61071067680871
2017-11-12 13:20:00,11.89532,-120.00009,5.42,87.58228832332928
2017-11-12 13:21:00,11.89818,-120.000046,5.55,87.55398691025957
2017-11-12 13:22:00,11.901016,-119.999954,5.42,87.52576470187586
2017-11-12 13:23:00,11.903903,-119.99991,5.42,87.49745698800774
2017-11-12 13:24:00,11.90682,-119.99992,5.3,87.46905946877916
2017-11-12 13:25:00,11.90969,-120.0,5.42,87.44056557847492
2017-11-12 13:26:00,11.912527,-120.00009,5.42,87.41206405498477
2017-11-12 13:27:00,11.91543,-120.00015,5.42,87.38359313202815
2017-11-12 13:28:00,11.918298,-120.00006,5.42,87.3553603891992
2017-11-12 13:29:00,11.921194,-119.999954,5.67,87.3271456468677
2017-11-12 13:30:00,11.924095,-119.99991,5.42,87.29883466591897
2017-11-12 13:31:00,11.926949,-119.99992,5.55,87.27045184855331
2017-11-12 13:32:00,11.929817,-120.0,5.67,87.24195842497487
2017-11-12 13:33:00,11.932722,-120.00009,5.55,87.21344103280727
2017-11-12 13:34:00,11.935596,-120.00012,5.67,87.18502287986009
2017-11-12 13:35:00,11.938477,-120.00006,5.42,87.15674110082816
2017-11-12 13:36:00,11.941378,-119.999954,5.42,87.12852519168214
2017-11-12 13:37:00,11.944274,-119.99991,5.8,87.10021537754793
2017-11-12 13:38:00,11.947134,-119.99992,5.55,87.07183116000483
2017-11-12 13:39:00,11.950051,-120.000015,5.17,87.04330330040153
2017-11-12 13:40:00,11.952978,-120.00008,5.42,87.01481910965438
2017-11-12 13:41:00,11.955877,-120.00006,5.55,86.98647179344326
2017-11-12 13:42:00,11.958738,-120.000015,5.55,86.95817168042683
2017-11-12 13:43:00,11.961629,-119.999954,5.55,86.92988910118206
2017-11-12 13:44:00,11.964517,-119.99994,5.55,86.90153515146585
2017-11-12 13:45:00,11.967408,-119.99997,5.93,86.87311303134929
2017-11-12 13:46:00,11.97033,-120.00003,5.8,86.84463767449753
2017-11-12 13:47:00,11.973207,-120.00008,6.05,86.81618815313816
2017-11-12 13:48:00,11.976095,-120.000046,6.05,86.78786487174543
2017-11-12 13:49:00,11.978944,-120.0,6.31,86.75956909249999
2017-11-12 13:50:00,11.981865,-119.999985,6.43,86.73120897522415
2017-11-12 13:51:00,11.984758,-120.0,7.06,86.70280938962438
2017-11-12 13:52:00,11.987624,-120.000015,7.19,86.674416104823
2017-11-12 13:53:00,11.990523,-120.000015,7.69,86.64603812028844
2017-11-12 13:54:00,11.993402,-119.99997,8.2,86.61773380673972
2017-11-12 13:55:00,11.996313,-119.999954,8.2,86.58937755650908
2017-11-12 13:56:00,11.999174,-119.999985,8.83,86.56096090386347
2017-11-12 13:57:00,12.002082,-120.00003,9.46,86.53251181533497
2017-11-12 13:58:00,12.004929,-120.00003,10.47,86.50414596567136
2017-11-12 13:59:00,12.007773,-120.0,11.73,86.47582681858168
2017-11-12 14:00:00,12.010684,-119.999954,12.86,86.44751657083623
2017-11-12 14:01:00,12.013579,-119.999954,13.62,86.41913951975327
2017-11-12 14:02:00,12.016448,-119.999985,14.12,86.39072100020442
2017-11-12 14:03:00,12.019346,-119.999985,14.5,86.36234324903275
2017-11-12 14:04:00,12.022282,-120.0,15.38,86.33393362882813
2017-11-12 14:05:00,12.02521,-120.000046,15.89,86.30547833962538
2017-11-12 14:06:00,12.028133,-120.000015,16.39,86.27714229028248
2017-11-12 14:07:00,12.031118,-119.99997,17.02,86.24881324026599
2017-11-12 14:08:00,12.034034,-119.99994,17.78,86.22047729104727
2017-11-12 14:09:00,12.03698,-119.999954,18.66,86.19206687062977
2017-11-12 14:10:00,12.03995,-120.0,19.04,86.16360178018508
2017-11-12 14:11:00,12.042875,-120.000046,19.55,86.13514719107104
2017-11-12 14:12:00,12.045802,-120.00006,19.92,86.10674120454873
2017-11-12 14:13:00,12.048721,-120.000015,22.45,86.07842755648387
2017-11-12 14:14:00,12.05172,-119.999954,22.45,86.05011977404551
2017-11-12 14:15:00,12.054656,-119.99991,23.33,86.02180062539514
2017-11-12 14:16:00,12.057635,-119.99992,23.2,85.99338863766653
2017-11-12 14:17:00,12.060632,-120.00003,23.71,85.96481910778834
2017-11-12 14:18:00,12.063571,-120.00009,25.09,85.93633978376721
2017-11-12 14:19:00,12.066598,-120.00008,32.41,85.90794726294271
2017-11-12 14:20:00,12.069529,-120.0,27.87,85.87968448408908
2017-11-12 14:21:00,12.072533,-119.99991,26.23,85.85142000390525
2017-11-12 14:22:00,12.075511,-119.99992,27.74,85.82300824953953
2017-11-12 14:23:00,12.078522,-119.999985,29.26,85.79450445630849
2017-11-12 14:24:00,12.081579,-120.00006,29.13,85.76597459422214
2017-11-12 14:25:00,12.084576,-120.00009,31.15,85.73752773763782
2017-11-12 14:26:00,12.087618,-120.000015,36.95,85.70923138842102
2017-11-12 14:27:00,12.090623,-119.99992,32.41,85.68097434195514
2017-11-12 14:28:00,12.093635,-119.99991,33.04,85.66555181485211
2017-11-12 14:29:00,12.096651,-119.99997,33.8,85.65498712414089
2017-11-12 14:30:00,12.099626,-120.000015,35.06,85.64441562300236
2017-11-12 14:31:00,12.102682,-120.000046,33.54,85.63393736867708
2017-11-12 14:32:00,12.105742,-120.00006,36.19,85.62349354211206
2017-11-12 14:33:00,12.108795,-119.999985,38.59,85.61320662047375
2017-11-12 14:34:00,12.111843,-119.99994,36.95,85.60286066335028
2017-11-12 14:35:00,12.114888,-119.999954,40.35,85.59240430983014
2017-11-12 14:36:00,12.117936,-119.999985,42.37,85.58191937446215
2017-11-12 14:37:00,12.120974,-120.00003,40.73,85.57140048653513
2017-11-12 14:38:00,12.124022,-120.00006,45.4,85.56091737982821
2017-11-12 14:39:00,12.127096,-120.0,46.78,85.55062056601032
2017-11-12 14:40:00,12.130147,-119.999954,46.03,85.54027894293903
2017-11-12 14:41:00,12.133189,-119.99994,45.78,85.52987128653905
2017-11-12 14:42:00,12.1362,-119.999985,46.53,85.51932985009283
2017-11-12 14:43:00,12.139227,-120.00008,47.16,85.5087103426764
2017-11-12 14:44:00,12.142235,-120.00009,47.16,82.93320280620543
2017-11-12 14:45:00,12.145298,-120.000015,49.31,88.51729828271165
2017-11-12 14:46:00,12.14835,-119.99994,53.22,91.48868572410605
2017-11-12 14:47:00,12.151433,-119.99989,50.95,78.3744621731062
2017-11-12 14:48:00,12.154487,-119.99994,53.22,82.753065618161
2017-11-12 14:49:00,12.157531,-120.000046,61.29,87.16768953982152
2017-11-12 14:50:00,12.160567,-120.00012,59.52,91.58313236319307
2017-11-12 14:51:00,12.163676,-120.00008,69.1,96.00031835806666
2017-11-12 14:52:00,12.166761,-120.0,65.32,100.41868993398826
2017-11-12 14:53:00,12.169822,-119.99989,67.84,104.83802010451441
2017-11-12 14:54:00,12.172943,-119.99986,62.3,109.25484029530755
2017-11-12 14:55:00,12.176019,-119.99997,70.49,113.66900324202611
2017-11-12 14:56:00,12.179113,-120.00008,71.88,118.08295796229011
2017-11-12 14:57:00,12.182218,-120.00011,77.81,122.2317899415456
2017-11-12 14:58:00,12.185296,-120.000046,86.25,123.3289637597245
2017-11-12 14:59:00,12.188398,-119.999954,74.4,125.59042664087147
2017-11-12 15:00:00,12.191504,-119.99992,109.96,133.66470240944332
2017-11-12 15:01:00,12.194581,-119.99992,101.13,137.38527400206377
2017-11-12 15:02:00,12.197636,-119.999985,116.02,140.51555306659154
2017-11-12 15:03:00,12.200751,-120.00008,123.2,143.53687106664165
2017-11-12 15:04:00,12.203802,-120.00009,128.5,146.56049932574385
2017-11-12 15:05:00,12.206941,-120.000015,130.52,149.5849678581401
2017-11-12 15:06:00,12.210009,-119.99994,148.55,152.6101230286209
2017-11-12 15:07:00,12.213048,-119.99991,145.9,155.63466325343276
2017-11-12 15:08:00,12.216172,-119.99997,215.76,158.65659063977952
2017-11-12 15:09:00,12.219288,-120.00003,215.51,161.67859539379825
2017-11-12 15:10:00,12.222354,-120.00006,192.94,164.701680631415
2017-11-12 15:11:00,12.225497,-120.000046,161.41,167.72489671081692
2017-11-12 15:12:00,12.228588,-119.99997,144.64,170.749849347097
2017-11-12 15:13:00,12.23168,-119.99994,166.2,173.77387701108557
2017-11-12 15:14:00,12.234805,-119.99992,145.27,176.79738655487844
2017-11-12 15:15:00,12.237926,-119.99997,137.33,179.81954193265273
2017-11-12 15:16:00,12.241029,-120.00003,188.15,182.8416724091375
2017-11-12 15:17:00,12.244109,-120.00003,204.29,185.86521918898126
2017-11-12 15:18:00,12.247275,-120.000015,272.01,188.88823273418242
2017-11-12 15:19:00,12.250389,-119.999985,275.66,191.9120476370745
2017-11-12 15:20:00,12.253472,-119.999985,187.26,194.93556540404143
2017-11-12 15:21:00,12.25654,-120.0,170.24,197.95892976756642
2017-11-12 15:22:00,12.259527,-120.0,167.09,202.77399088154183
2017-11-12 15:23:00,12.262631,-120.0,162.55,208.25546693863583
2017-11-12 15:24:00,12.265604,-120.000015,174.78,213.73800678321433
2017-11-12 15:25:00,12.268669,-119.999985,211.98,219.22026622397902
2017-11-12 15:26:00,12.271768,-119.999985,189.66,224.70179063586775
2017-11-12 15:27:00,12.274837,-120.000015,237.83,230.1831989602524
2017-11-12 15:28:00,12.277932,-120.000015,248.42,235.66476205597687
2017-11-12 15:29:00,12.28103,-119.99997,258.39,241.14690546323263
2017-11-12 15:30:00,12.284131,-119.999954,271.75,246.62862718188194
2017-11-12 15:31:00,12.287192,-119.999954,258.89,252.1105190902102
2017-11-12 15:32:00,12.290287,-120.0,244.01,257.59145932098426
2017-11-12 15:33:00,12.29333,-120.000046,238.71,263.07290244162294
2017-11-12 15:34:00,12.296465,-120.00006,266.33,268.5538891313963
2017-11-12 15:35:00,12.299506,-120.00003,271.37,274.03638067517545
2017-11-12 15:36:00,12.302592,-119.999954,286.76,279.51905989075277
2017-11-12 15:37:00,12.305673,-119.99991,304.54,285.00135416376804
2017-11-12 15:38:00,12.308696,-119.99997,317.15,290.48280113599174
2017-11-12 15:39:00,12.31182,-120.000046,312.74,295.9630546926846
2017-11-12 15:40:00,12.314891,-120.00006,276.42,301.4446603238298
2017-11-12 15:41:00,12.317988,-120.000015,299.12,306.9268134020445
2017-11-12 15:42:00,12.321083,-119.99997,294.7,310.610582652344
2017-11-12 15:43:00,12.3242,-119.99994,292.69,314.08494486042935
2017-11-12 15:44:00,12.327303,-119.99994,316.39,317.5588292906881
2017-11-12 15:45:00,12.330385,-120.000015,292.69,321.0314312026071
2017-11-12 15:46:00,12.333469,-120.00006,312.23,324.50458638415836
2017-11-12 15:47:00,12.33654,-120.00006,302.4,327.97867212589836
2017-11-12 15:48:00,12.339636,-120.000046,297.6,331.45286465712354
2017-11-12 15:49:00,12.342725,-119.999985,313.49,334.9279877260745
2017-11-12 15:50:00,12.345831,-119.99997,314.63,338.40213620918144
2017-11-12 15:51:00,12.3489,-119.999954,311.85,341.8765363204088
2017-11-12 15:52:00,12.352044,-119.999985,312.61,345.3495781070126
2017-11-12 15:53:00,12.355133,-120.000015,319.8,348.8229847594445
2017-11-12 15:54:00,12.358238,-120.000015,312.36,352.2968566077357
2017-11-12 15:55:00,12.361332,-120.00003,313.87,355.7705147310489
2017-11-12 15:56:00,12.364426,-119.99997,316.77,359.2455874833606
2017-11-12 15:57:00,12.367538,-119.99997,334.43,362.7194152947652
2017-11-12 15:58:00,12.370642,-119.999985,315.26,366.1930105082405
2017-11-12 15:59:00,12.373697,-120.000015,341.11,369.66663105412135
2017-11-12 16:00:00,12.376765,-120.00006,338.71,373.1398868914133
2017-11-12 16:01:00,12.379808,-120.000046,350.69,388.5856089874929
2017-11-12 16:02:00,12.382853,-120.0,347.16,394.05644643694103
2017-11-12 16:03:00,12.385935,-119.99992,356.37,399.52772230024317
2017-11-12 16:04:00,12.389003,-119.99994,356.62,404.99718875870246
2017-11-12 16:05:00,12.39211,-120.000015,327.74,410.46540397120015
2017-11-12 16:06:00,12.395156,-120.00008,346.78,415.9341422863618
2017-11-12 16:07:00,12.398197,-120.00006,366.96,421.40451126456327
2017-11-12 16:08:00,12.401259,-119.999985,361.16,426.875802486631
2017-11-12 16:09:00,12.404308,-119.99991,352.71,432.34716499248566
2017-11-12 16:10:00,12.407385,-119.99991,382.98,437.8169593350303
2017-11-12 16:11:00,12.410474,-119.999985,382.35,443.2852732481569
2017-11-12 16:12:00,12.413513,-120.00009,392.31,448.7532954780966
2017-11-12 16:13:00,12.416623,-120.00012,377.93,452.5736767211596
2017-11-12 16:14:00,12.419668,-120.00003,389.91,455.27544009513383
2017-11-12 16:15:00,12.422727,-119.99992,394.33,457.97729806441856
2017-11-12 16:16:00,12.425766,-119.99989,414.12,460.6783913872118
2017-11-12 16:17:00,12.428845,-119.999985,391.42,463.37752546655406
2017-11-12 16:18:00,12.431874,-120.000046,392.94,466.0776122016868
2017-11-12 16:19:00,12.434885,-120.00006,398.36,468.7784673719439
2017-11-12 16:20:00,12.437944,-120.00003,402.52,471.4793461029315
2017-11-12 16:21:00,12.44098,-119.99994,427.24,474.18120604321837
2017-11-12 16:22:00,12.444008,-119.999954,395.33,476.8818788104409
2017-11-12 16:23:00,12.447075,-119.999985,416.77,479.5819250355046
2017-11-12 16:24:00,12.450169,-120.00003,437.07,482.2815101949287
2017-11-12 16:25:00,12.453261,-120.00003,426.1,484.98166763507555
2017-11-12 16:26:00,12.456372,-120.0,435.18,487.6819884273684
2017-11-12 16:27:00,12.459459,-120.0,451.2,490.38219951546665
2017-11-12 16:28:00,12.462559,-120.0,426.86,493.0822711188913
2017-11-12 16:29:00,12.465655,-119.999985,424.34,495.78256924785785
2017-11-12 16:30:00,12.468744,-120.0,449.31,498.4825752695947
2017-11-12 16:31:00,12.471802,-120.000015,436.32,501.18291390863027
2017-11-12 16:32:00,12.474865,-120.000046,446.41,503.88300305205496
2017-11-12 16:33:00,12.477919,-120.000046,443.0,506.58356821663233
2017-11-12 16:34:00,12.481062,-120.0,430.52,509.283741509696
2017-11-12 16:35:00,12.484149,-119.99994,460.91,511.9846870265172
2017-11-12 16:36:00,12.487259,-119.999954,466.96,514.684479967337
2017-11-12 16:37:00,12.490367,-120.0,461.92,517.5495914722467
2017-11-12 16:38:00,12.493475,-120.00006,442.37,520.4350164155546
2017-11-12 16:39:00,12.496614,-120.00008,449.68,523.320609358541
2017-11-12 16:40:00,12.49977,-120.000015,469.86,526.2070663702505
2017-11-12 16:41:00,12.502903,-119.999985,464.44,529.0933335861023
2017-11-12 16:42:00,12.506041,-119.999954,468.47,531.9795611683244
2017-11-12 16:43:00,12.509191,-119.999985,466.33,534.8649053430071
2017-11-12 16:44:00,12.512339,-120.000046,468.22,537.7499030529713
2017-11-12 16:45:00,12.515482,-120.000046,472.89,540.6356993062453
2017-11-12 16:46:00,12.518667,-120.000015,469.74,543.5214392718511
2017-11-12 16:47:00,12.521839,-120.0,477.68,546.4071182624788
2017-11-12 16:48:00,12.525033,-119.99997,472.89,549.2927526142114
2017-11-12 16:49:00,12.528203,-119.99997,501.26,552.1782687473014
2017-11-12 16:50:00,12.531314,-120.0,486.0,555.0640297805062
2017-11-12 16:51:00,12.534519,-120.00003,501.13,557.9488155804779
2017-11-12 16:52:00,12.537666,-119.999985,499.12,560.8351211560077
2017-11-12 16:53:00,12.540796,-119.999985,498.99,563.7210522819629
2017-11-12 16:54:00,12.543934,-120.000015,488.52,566.6065331949835
2017-11-12 16:55:00,12.547063,-120.0,510.34,569.4926583029411
2017-11-12 16:56:00,12.550183,-120.0,503.15,572.3786931771126
2017-11-12 16:57:00,12.553288,-119.999985,517.4,575.265067280789
2017-11-12 16:58:00,12.556486,-119.999985,512.36,578.1502929188737
2017-11-12 16:59:00,12.559618,-120.000015,513.49,581.0358360808241
2017-11-12 17:00:00,12.562768,-120.00003,514.63,583.9213761031662
2017-11-12 17:01:00,12.565904,-120.000015,536.44,585.2423576030615
2017-11-12 17:02:00,12.569023,-119.999985,520.3,586.5636990821055
2017-11-12 17:03:00,12.572141,-119.99994,522.82,587.8852345431516
2017-11-12 17:04:00,12.575278,-119.999954,525.47,589.2058506943426
2017-11-12 17:05:00,12.578357,-119.999985,539.34,590.5268604970499
2017-11-12 17:06:00,12.581467,-120.000015,546.15,591.8475609207653
2017-11-12 17:07:00,12.584559,-120.00003,533.17,593.1686316984509
2017-11-12 17:08:00,12.587576,-120.00006,526.61,594.4902969805776
2017-11-12 17:09:00,12.590648,-120.000015,553.72,595.8123096834186
2017-11-12 17:10:00,12.593674,-119.99991,538.21,597.1355340567775
2017-11-12 17:11:00,12.596739,-119.99989,547.04,598.4573133714019
2017-11-12 17:12:00,12.599739,-119.999985,559.52,599.7783593943798
2017-11-12 17:13:00,12.602768,-120.00008,555.99,601.0991045475304
2017-11-12 17:14:00,12.605822,-120.00009,558.39,602.4206307708312
2017-11-12 17:15:00,12.6089,-120.00003,550.32,603.7427648319233
2017-11-12 17:16:00,12.611978,-119.99994,562.55,605.0652661073768
2017-11-12 17:17:00,12.615051,-119.99989,575.03,606.3873296377898
2017-11-12 17:18:00,12.618118,-119.99991,575.16,607.7085985836222
2017-11-12 17:19:00,12.621204,-120.000015,559.14,609.028629967153
2017-11-12 17:20:00,12.624269,-120.00015,553.47,610.3485120075765
2017-11-12 17:21:00,12.627324,-120.00015,578.06,611.670150260843
2017-11-12 17:22:00,12.630354,-120.000046,589.03,613.0796984188635
2017-11-12 17:23:00,12.633404,-119.99992,588.78,614.6416741941339
2017-11-12 17:24:00,12.636448,-119.99985,609.08,616.2254419230652
2017-11-12 17:25:00,12.639497,-119.99989,600.38,619.7089149090323
2017-11-12 17:26:00,12.642557,-120.000015,611.73,623.1916219453019
2017-11-12 17:27:00,12.645605,-120.00014,645.02,626.6744584236374
2017-11-12 17:28:00,12.648598,-120.00015,678.56,630.15876392945
2017-11-12 17:29:00,12.651651,-120.00006,770.49,633.6431837478398
2017-11-12 17:30:00,12.654774,-119.99994,790.16,637.1270769443853
2017-11-12 17:31:00,12.657856,-119.99983,249.43,640.6113362490311
2017-11-12 17:32:00,12.660906,-119.99989,321.06,644.0946461435781
2017-11-12 17:33:00,12.66399,-120.000015,165.32,647.5770942957164
2017-11-12 17:34:00,12.667025,-120.00008,157.88,651.0605279167003
2017-11-12 17:35:00,12.670152,-120.00012,172.89,654.54315952924
2017-11-12 17:36:00,12.673233,-120.00011,225.73,658.0266680978182
2017-11-12 17:37:00,12.676331,-119.99997,704.79,661.5109832699151
2017-11-12 17:38:00,12.679428,-119.99988,658.01,664.9949284673975
2017-11-12 17:39:00,12.682515,-119.99991,657.38,668.4780677057803
2017-11-12 17:40:00,12.685643,-119.99997,669.74,671.9605362269001
2017-11-12 17:41:00,12.688754,-120.000046,650.19,675.4430662806145
2017-11-12 17:42:00,12.691871,-120.00011,641.24,678.9256229960448
2017-11-12 17:43:00,12.694944,-120.00006,630.39,682.4095224684961
2017-11-12 17:44:00,12.698053,-119.999985,634.68,685.893223995477
2017-11-12 17:45:00,12.701159,-119.99994,629.51,689.3767294261022
2017-11-12 17:46:00,12.704306,-119.999954,633.8,692.8593432978214
2017-11-12 17:47:00,12.707456,-120.0,632.79,696.3416811216941
2017-11-12 17:48:00,12.710593,-120.00008,633.8,699.8239002566834
2017-11-12 17:49:00,12.713733,-120.00009,640.73,703.3066200971904
2017-11-12 17:50:00,12.71688,-120.000046,634.05,706.7896756521955
2017-11-12 17:51:00,12.719992,-119.999985,645.78,710.2732382054528
2017-11-12 17:52:00,12.723171,-119.99994,643.76,713.7559561968449
2017-11-12 17:53:00,12.726334,-119.999985,649.56,717.2381614070421
2017-11-12 17:54:00,12.729456,-120.000046,639.22,720.7206870339655
2017-11-12 17:55:00,12.732573,-120.00006,659.27,724.2036245108491
2017-11-12 17:56:00,12.735681,-120.00003,641.24,727.6869941393606
2017-11-12 17:57:00,12.73884,-120.0,654.85,731.1698136390929
2017-11-12 17:58:00,12.742043,-119.999954,659.65,734.6522803615826
2017-11-12 17:59:00,12.745212,-119.999954,652.96,738.1347635360548
2017-11-12 18:00:00,12.748382,-120.000015,663.05,741.6167713947153
2017-11-12 18:01:00,12.751542,-120.000046,651.45,741.899115578658
2017-11-12 18:02:00,12.754676,-120.00008,561.66,742.1817173747226
2017-11-12 18:03:00,12.757858,-120.000046,488.4,740.9674635419256
2017-11-12 18:04:00,12.761018,-120.0,687.52,739.522929074889
2017-11-12 18:05:00,12.764179,-119.999954,685.37,738.0783808710848
2017-11-12 18:06:00,12.767358,-119.999954,706.18,736.6330450207971
2017-11-12 18:07:00,12.770499,-119.99997,547.92,735.1880432077853
2017-11-12 18:08:00,12.773689,-120.000015,577.55,733.7420276158786
2017-11-12 18:09:00,12.776854,-120.00006,759.27,732.2963554431567
2017-11-12 18:10:00,12.78007,-120.000015,775.41,730.8510399696524
2017-11-12 18:11:00,12.783244,-120.000015,250.19,729.4057728032016
2017-11-12 18:12:00,12.786389,-119.99997,479.95,727.9614326401831
2017-11-12 18:13:00,12.789586,-119.99997,735.56,726.5158495280821
2017-11-12 18:14:00,12.792768,-119.999985,714.12,725.0702962550995
2017-11-12 18:15:00,12.795953,-119.999985,707.57,723.6248779842073
2017-11-12 18:16:00,12.799127,-120.0,695.96,722.1794346053638
2017-11-12 18:17:00,12.802341,-120.000015,712.99,720.7334417558242
2017-11-12 18:18:00,12.805508,-120.0,333.92,719.2884469591377
2017-11-12 18:19:00,12.808652,-119.99997,725.73,717.8439443204943
2017-11-12 18:20:00,12.811863,-119.999954,733.67,716.3983568535348
2017-11-12 18:21:00,12.815039,-120.00003,732.03,714.9521694040936
2017-11-12 18:22:00,12.818197,-120.00006,707.19,713.5067696011363
2017-11-12 18:23:00,12.821336,-120.0,706.94,712.062688071115
2017-11-12 18:24:00,12.824506,-119.999954,701.13,710.6180162364042
2017-11-12 18:25:00,12.827611,-119.999954,705.55,709.1736969069048
2017-11-12 18:26:00,12.830843,-119.99997,704.41,707.7274450480586
2017-11-12 18:27:00,12.834046,-120.00003,711.48,706.2810746657831
2017-11-12 18:28:00,12.837255,-120.00011,706.05,704.834386913046
2017-11-12 18:29:00,12.840457,-120.00006,715.76,703.3893224917497
2017-11-12 18:30:00,12.843633,-119.999985,712.99,701.9449089137267
2017-11-12 18:31:00,12.846842,-119.99994,709.96,700.499689597594
2017-11-12 18:32:00,12.850102,-119.999954,722.95,699.0530766042464
2017-11-12 18:33:00,12.853283,-120.000015,760.78,697.6069966833606
2017-11-12 18:34:00,12.85648,-120.000046,744.51,696.1610493989816
2017-11-12 18:35:00,12.859706,-120.00008,173.27,694.7146685058692
2017-11-12 18:36:00,12.862919,-120.00003,775.66,693.2694529801313
2017-11-12 18:37:00,12.866098,-119.99997,136.57,691.8248219794134
2017-11-12 18:38:00,12.869285,-119.99992,105.3,690.4630860017733
2017-11-12 18:39:00,12.872552,-119.999954,110.72,690.678748093349
2017-11-12 18:40:00,12.875788,-119.99997,123.96,690.8949594910264
2017-11-12 18:41:00,12.878976,-120.00003,250.57,691.1111771235055
2017-11-12 18:42:00,12.882268,-120.000046,118.54,691.3267782092823
2017-11-12 18:43:00,12.885427,-120.00003,313.87,691.5442047055941
2017-11-12 18:44:00,12.888678,-119.99997,758.13,691.7611454363248
2017-11-12 18:45:00,12.891847,-119.999954,666.58,691.9784629483686
2017-11-12 18:46:00,12.89509,-120.0,775.79,692.1942456322735
2017-11-12 18:47:00,12.898277,-120.0,809.08,692.4111790127495
2017-11-12 18:48:00,12.901561,-120.0,379.32,692.627055245826
2017-11-12 18:49:00,12.904791,-120.000015,807.57,692.843343781557
2017-11-12 18:50:00,12.908017,-120.000015,141.36,693.0598521233878
2017-11-12 18:51:00,12.91121,-120.000015,773.77,693.276720113303
2017-11-12 18:52:00,12.914497,-119.999985,789.03,693.4929160758843
2017-11-12 18:53:00,12.917764,-119.99997,790.29,693.7091537946087
2017-11-12 18:54:00,12.921017,-119.999985,803.4,693.9251916665235
2017-11-12 18:55:00,12.924281,-120.00003,331.78,694.1407572309583
2017-11-12 18:56:00,12.92749,-120.00006,819.67,694.3570984212597
2017-11-12 18:57:00,12.930787,-120.0,782.22,694.5735378243578
2017-11-12 18:58:00,12.934008,-119.99992,791.68,694.7910404577494
2017-11-12 18:59:00,12.93734,-119.99994,812.74,695.0061586164827
2017-11-12 19:00:00,12.940607,-119.999985,448.68,695.2216914856374
2017-11-12 19:01:00,12.943912,-120.00003,579.82,730.9150452528451
2017-11-12 19:02:00,12.947166,-120.000046,839.34,732.6479501101276
2017-11-12 19:03:00,12.95052,-120.00003,784.24,734.3804039915794
2017-11-12 19:04:00,12.953811,-120.0,773.39,736.1135432821599
2017-11-12 19:05:00,12.957046,-120.0,791.05,737.8467932094919
2017-11-12 19:06:00,12.960362,-120.000015,782.6,739.5791971389945
2017-11-12 19:07:00,12.963636,-120.0,816.02,741.3123007894346
2017-11-12 19:08:00,12.966963,-120.00003,797.48,743.0444375480284
2017-11-12 19:09:00,12.970235,-120.000046,810.72,744.7771935641028
2017-11-12 19:10:00,12.973522,-120.00006,823.96,746.5098490408225
2017-11-12 19:11:00,12.976782,-119.99997,805.42,748.2439495186093
2017-11-12 19:12:00,12.980038,-119.99992,781.84,749.9776131725068
2017-11-12 19:13:00,12.983233,-119.99992,760.91,751.7111938580795
2017-11-12 19:14:00,12.986481,-119.99994,581.72,753.4441013391267
2017-11-12 19:15:00,12.989762,-120.000015,776.54,755.1760898325194
2017-11-12 19:16:00,12.993014,-120.00003,786.13,756.909022975207
2017-11-12 19:17:00,12.996271,-120.0,777.55,758.6424434102917
2017-11-12 19:18:00,12.999506,-120.000015,792.69,760.3755171252312
2017-11-12 19:19:00,13.002786,-120.0,782.22,762.1085711619352
2017-11-12 19:20:00,13.006033,-120.000015,819.17,763.8415456494026
2017-11-12 19:21:00,13.009283,-120.00003,798.36,765.574495330002
2017-11-12 19:22:00,13.012517,-120.000046,790.79,767.3075655664047
2017-11-12 19:23:00,13.015766,-120.000046,795.96,771.3251567505749
2017-11-12 19:24:00,13.019012,-120.0,838.59,776.3122913020725
2017-11-12 19:25:00,13.022274,-120.0,559.65,781.2986633000775
2017-11-12 19:26:00,13.025536,-120.00003,506.31,786.2846828732972
2017-11-12 19:27:00,13.028832,-120.000046,183.48,791.2703948026696
2017-11-12 19:28:00,13.032077,-120.00003,150.69,796.2571908149334
2017-11-12 19:29:00,13.035382,-119.999985,140.35,801.243494371406
2017-11-12 19:30:00,13.038632,-119.99997,145.9,806.2302092084199
2017-11-12 19:31:00,13.041881,-120.0,829.89,811.2164092938079
2017-11-12 19:32:00,13.045129,-120.00003,893.06,816.2026232647474
2017-11-12 19:33:00,13.048386,-120.000046,237.33,821.188876730624
2017-11-12 19:34:00,13.051636,-120.000046,481.34,826.1754153552455
2017-11-12 19:35:00,13.054924,-120.0,807.82,831.1619667135847
2017-11-12 19:36:00,13.058205,-119.999954,788.27,836.1486152707834
2017-11-12 19:37:00,13.061485,-119.999954,778.31,835.1633387010046
2017-11-12 19:38:00,13.064801,-120.000015,772.01,834.1057974656916
2017-11-12 19:39:00,13.068044,-120.000046,774.27,833.0491863085113
2017-11-12 19:40:00,13.071271,-120.00006,779.57,831.9927499654525
2017-11-12 19:41:00,13.074515,-120.00003,792.06,830.9359550029122
2017-11-12 19:42:00,13.07775,-120.0,769.86,829.8792850103343
2017-11-12 19:43:00,13.081,-119.999954,764.94,828.8223621653559
2017-11-12 19:44:00,13.08427,-119.99994,771.5,827.7652507476095
2017-11-12 19:45:00,13.087482,-120.00003,793.69,826.7092343911895
2017-11-12 19:46:00,13.09074,-120.00011,836.7,825.6525514436992
2017-11-12 19:47:00,13.094015,-120.00011,409.33,824.5954095961847
2017-11-12 19:48:00,13.09723,-120.00003,312.48,823.5388780361034
2017-11-12 19:49:00,13.100532,-119.99991,822.07,822.4810270102255
2017-11-12 19:50:00,13.103836,-119.99986,801.77,821.423343203189
2017-11-12 19:51:00,13.107137,-119.99991,814.63,820.3659796098699
2017-11-12 19:52:00,13.110455,-120.000046,406.31,819.3086195212513
2017-11-12 19:53:00,13.113738,-120.00015,378.31,818.2516562886713
2017-11-12 19:54:00,13.116983,-120.00017,797.98,817.1949867191113
2017-11-12 19:55:00,13.120274,-120.00008,833.04,816.1373720014176
2017-11-12 19:56:00,13.123597,-119.999954,594.45,815.0792126655367
2017-11-12 19:57:00,13.126828,-119.99989,804.54,814.0225035057632
2017-11-12 19:58:00,13.130064,-119.99982,786.13,812.9657082048088
2017-11-12 19:59:00,13.13306,-119.998825,695.33,811.9096687833548
2017-11-12 20:00:00,13.136127,-119.99779,771.37,810.8525320649269
2017-11-12 20:01:00,13.139191,-119.996765,797.48,810.8154648588901
2017-11-12 20:02:00,13.142276,-119.99582,829.89,810.7783289019247
2017-11-12 20:03:00,13.145344,-119.99483,411.98,810.7413036486544
2017-11-12 20:04:00,13.148423,-119.99385,821.94,810.7041535100252
2017-11-12 20:05:00,13.151547,-119.99289,880.08,810.6664342329959
2017-11-12 20:06:00,13.154637,-119.99199,706.94,810.6293541989519
2017-11-12 20:07:00,13.1578,-119.99106,485.75,810.5911769525371
2017-11-12 20:08:00,13.16091,-119.99014,814.5,810.5537634960526
2017-11-12 20:09:00,13.164049,-119.98923,975.66,810.515975214284
2017-11-12 20:10:00,13.16712,-119.98828,386.38,810.4790197271849
2017-11-12 20:11:00,13.170223,-119.98732,920.3,810.4415920467347
2017-11-12 20:12:00,13.173332,-119.98634,913.24,810.4040253415639
2017-11-12 20:13:00,13.176447,-119.98538,904.67,810.3664310344969
2017-11-12 20:14:00,13.179514,-119.984436,875.91,810.3295478030271
2017-11-12 20:15:00,13.182634,-119.983475,838.08,810.2918812826329
2017-11-12 20:16:00,13.1857,-119.98251,827.36,810.2549534397314
2017-11-12 20:17:00,13.188759,-119.98157,826.86,810.2181924349552
2017-11-12 20:18:00,13.191874,-119.98062,797.73,810.1806259835945
2017-11-12 20:19:00,13.195038,-119.979675,804.16,810.142393068069
2017-11-12 20:20:00,13.198117,-119.97876,813.75,810.1054239915309
2017-11-12 20:21:00,13.201234,-119.977844,832.91,810.0679244784692
2017-11-12 20:22:00,13.204378,-119.976944,693.82,810.0300946246498
2017-11-12 20:23:00,13.207464,-119.97604,803.78,809.9401461249361
2017-11-12 20:24:00,13.210598,-119.97514,701.26,809.7598929635676
2017-11-12 20:25:00,13.213723,-119.97421,675.66,809.5796789904507
2017-11-12 20:26:00,13.216822,-119.97328,736.07,809.3998196439586
2017-11-12 20:27:00,13.219919,-119.97237,780.2,809.2200432878501
2017-11-12 20:28:00,13.222878,-119.971466,764.06,809.042165894175
2017-11-12 20:29:00,13.225076,-119.97072,773.77,808.8751082691812
2017-11-12 20:30:00,13.226883,-119.9702,772.64,808.7140132220095
2017-11-12 20:31:00,13.228388,-119.96977,773.64,808.5572880008381
2017-11-12 20:32:00,13.229684,-119.96936,772.01,808.4034691435643
2017-11-12 20:33:00,13.230988,-119.969025,750.57,808.2497500882034
2017-11-12 20:34:00,13.232272,-119.96869,763.05,808.0963038225539
2017-11-12 20:35:00,13.23355,-119.96835,777.93,807.9429254659644
2017-11-12 20:36:00,13.234863,-119.96802,802.02,807.7890975830866
2017-11-12 20:37:00,13.236126,-119.9677,804.92,807.6359795301935
2017-11-12 20:38:00,13.237397,-119.96735,801.51,807.4826687942968
2017-11-12 20:39:00,13.238689,-119.96701,725.98,807.3290994849096
2017-11-12 20:40:00,13.24001,-119.966705,222.32,807.1752321254128
2017-11-12 20:41:00,13.241322,-119.966354,807.44,807.021359385037
2017-11-12 20:42:00,13.242636,-119.96602,825.09,806.8675067203909
2017-11-12 20:43:00,13.243955,-119.96571,378.69,806.7136527120122
2017-11-12 20:44:00,13.24531,-119.96538,258.13,806.55925197074
2017-11-12 20:45:00,13.246671,-119.96503,248.05,806.4047136811417
2017-11-12 20:46:00,13.248021,-119.96471,416.27,806.2504089930037
2017-11-12 20:47:00,13.249381,-119.96434,273.01,806.0958286314785
2017-11-12 20:48:00,13.25082,-119.964005,235.06,805.940268245565
2017-11-12 20:49:00,13.252224,-119.96364,269.99,805.7851016745276
2017-11-12 20:50:00,13.253561,-119.96332,778.94,805.6309742997021
2017-11-12 20:51:00,13.254938,-119.963,464.94,805.4763013454536
2017-11-12 20:52:00,13.256295,-119.96266,746.03,805.3218454695041
2017-11-12 20:53:00,13.257654,-119.962326,741.87,805.167379028007
2017-11-12 20:54:00,13.259036,-119.96196,572.76,805.0125097400817
2017-11-12 20:55:00,13.260403,-119.961624,741.87,804.8579286115587
2017-11-12 20:56:00,13.26173,-119.96126,743.13,804.7038150664814
2017-11-12 20:57:00,13.263122,-119.96091,736.44,804.5488539528302
2017-11-12 20:58:00,13.264522,-119.960526,747.41,804.3936890138932
2017-11-12 20:59:00,13.265909,-119.96013,762.17,803.4927270688659
2017-11-12 21:00:00,13.267272,-119.95976,766.08,801.226172824124
2017-11-12 21:01:00,13.268653,-119.959366,787.14,797.9192495031012
2017-11-12 21:02:00,13.270052,-119.958984,793.82,793.3805921151168
2017-11-12 21:03:00,13.271442,-119.95863,827.87,788.1809925050255
2017-11-12 21:04:00,13.27277,-119.95828,323.71,782.9822279011516
2017-11-12 21:05:00,13.274129,-119.95793,615.89,777.7830524474747
2017-11-12 21:06:00,13.275504,-119.95758,791.05,772.5836649422863
2017-11-12 21:07:00,13.276856,-119.95717,350.32,767.3843826619839
2017-11-12 21:08:00,13.278228,-119.95677,716.27,762.1848685838188
2017-11-12 21:09:00,13.279585,-119.95636,727.36,756.9855200374191
2017-11-12 21:10:00,13.280949,-119.95596,694.33,751.7861119850098
2017-11-12 21:11:00,13.282312,-119.95552,699.75,746.5865841197121
2017-11-12 21:12:00,13.283652,-119.95508,671.5,741.3873610784624
2017-11-12 21:13:00,13.284987,-119.954666,699.24,736.18829079628
2017-11-12 21:14:00,13.286357,-119.95427,671.75,730.9888165311647
2017-11-12 21:15:00,13.28772,-119.95386,662.3,725.7893884654479
2017-11-12 21:16:00,13.28907,-119.953445,659.14,720.590116058321
2017-11-12 21:17:00,13.290454,-119.95302,665.32,715.3903597752051
2017-11-12 21:18:00,13.291831,-119.95259,683.48,710.190679631362
2017-11-12 21:19:00,13.293164,-119.952194,669.74,704.991695735367
2017-11-12 21:20:00,13.294493,-119.9518,682.6,699.7927715055553
2017-11-12 21:21:00,13.295839,-119.9514,668.1,694.5936020110964
2017-11-12 21:22:00,13.297137,-119.95105,651.58,689.3952350038065
2017-11-12 21:23:00,13.298462,-119.95067,628.5,684.1964103600104
2017-11-12 21:24:00,13.29985,-119.95029,677.3,678.996750763388
2017-11-12 21:25:00,13.301533,-119.94978,664.06,673.7927490021735
2017-11-12 21:26:00,13.303699,-119.94916,656.12,668.5819800041621
2017-11-12 21:27:00,13.306165,-119.948395,653.72,663.3667526756708
2017-11-12 21:28:00,13.308713,-119.9474,666.71,658.1496734530634
2017-11-12 21:29:00,13.311332,-119.94638,685.12,652.9315700855566
2017-11-12 21:30:00,13.31396,-119.94537,665.45,647.7133807056016
2017-11-12 21:31:00,13.316549,-119.94438,673.52,642.4957747342598
2017-11-12 21:32:00,13.319155,-119.943375,693.95,637.2778935583965
2017-11-12 21:33:00,13.321748,-119.94234,700.5,632.0600848748054
2017-11-12 21:34:00,13.32432,-119.94125,653.72,626.8423715429249
2017-11-12 21:35:00,13.326869,-119.940155,642.5,621.6249464018282
2017-11-12 21:36:00,13.329438,-119.93909,705.55,616.4073559959234
2017-11-12 21:37:00,13.33201,-119.93802,343.88,611.1897091970965
2017-11-12 21:38:00,13.334579,-119.93692,272.38,608.503627165459
2017-11-12 21:39:00,13.337169,-119.93584,553.34,606.2806327487023
2017-11-12 21:40:00,13.339747,-119.93477,411.73,604.0577692122107
2017-11-12 21:41:00,13.342288,-119.93375,154.22,601.8353729840467
2017-11-12 21:42:00,13.344829,-119.93269,189.16,599.6128436897746
2017-11-12 21:43:00,13.347351,-119.93164,498.87,597.3905022171151
2017-11-12 21:44:00,13.34989,-119.93056,546.78,595.1679226587457
2017-11-12 21:45:00,13.352439,-119.929474,606.94,592.9452417956783
2017-11-12 21:46:00,13.355006,-119.928375,600.76,590.7223712655185
2017-11-12 21:47:00,13.35753,-119.92731,566.2,588.4999636241122
2017-11-12 21:48:00,13.360151,-119.92619,653.97,586.2765839724241
2017-11-12 21:49:00,13.362708,-119.925125,443.88,584.0539078932377
2017-11-12 21:50:00,13.365256,-119.92406,289.53,581.8313050243551
2017-11-12 21:51:00,13.367788,-119.92297,232.66,579.6087491408059
2017-11-12 21:52:00,13.370316,-119.92192,174.02,577.3863588612774
2017-11-12 21:53:00,13.372876,-119.92087,185.25,575.1637082784468
2017-11-12 21:54:00,13.375437,-119.919785,507.94,572.9409331282941
2017-11-12 21:55:00,13.378022,-119.91881,493.06,570.7183286824613
2017-11-12 21:56:00,13.380555,-119.91783,478.31,568.4961305962306
2017-11-12 21:57:00,13.383169,-119.916855,474.4,566.2732902505306
2017-11-12 21:58:00,13.385727,-119.91591,519.29,564.0510052351897
2017-11-12 21:59:00,13.388317,-119.91498,466.83,561.8285098163375
2017-11-12 22:00:00,13.390933,-119.91405,445.02,546.9091220726855
2017-11-12 22:01:00,13.393622,-119.913086,468.6,542.8264872098595
2017-11-12 22:02:00,13.39655,-119.91206,462.55,539.345748141895
2017-11-12 22:03:00,13.399489,-119.911026,466.33,536.0619721794769
2017-11-12 22:04:00,13.402394,-119.90996,481.59,532.7782904679648
2017-11-12 22:05:00,13.405347,-119.908936,312.48,529.4944590235048
2017-11-12 22:06:00,13.408293,-119.90784,475.41,526.2103036465325
2017-11-12 22:07:00,13.411235,-119.90675,388.78,522.9262106114636
2017-11-12 22:08:00,13.414269,-119.905685,400.63,519.6415392765861
2017-11-12 22:09:00,13.417304,-119.90459,209.71,516.3567027637596
2017-11-12 22:10:00,13.420333,-119.9035,434.17,513.0719387683532
2017-11-12 22:11:00,13.423307,-119.902405,333.29,509.7875726989816
2017-11-12 22:12:00,13.426336,-119.901306,424.46,506.50276146384704
2017-11-12 22:13:00,13.429311,-119.90024,386.25,503.21853989919003
2017-11-12 22:14:00,13.432309,-119.8992,386.76,499.9342774245403
2017-11-12 22:15:00,13.435268,-119.89813,381.59,496.65015825945306
2017-11-12 22:16:00,13.438241,-119.897095,434.8,493.36611483379147
2017-11-12 22:17:00,13.441243,-119.89604,270.62,490.08174277750993
2017-11-12 22:18:00,13.444246,-119.89499,427.24,486.79738925333425
2017-11-12 22:19:00,13.447251,-119.89392,402.27,483.5129153276089
2017-11-12 22:20:00,13.450261,-119.89287,198.61,480.22850781811854
2017-11-12 22:21:00,13.4533,-119.891815,171.25,476.943850410889
2017-11-12 22:22:00,13.45633,-119.89075,158.89,473.65920992476254
2017-11-12 22:23:00,13.459355,-119.88968,160.53,470.3745817552815
2017-11-12 22:24:00,13.462385,-119.888626,177.93,467.0899990066007
2017-11-12 22:25:00,13.465455,-119.887634,319.8,466.85150528955614
2017-11-12 22:26:00,13.468624,-119.88701,330.52,467.9421684418396
2017-11-12 22:27:00,13.471865,-119.886795,337.2,469.03873070425453
2017-11-12 22:28:00,13.475077,-119.88634,353.59,470.13172900377475
2017-11-12 22:29:00,13.478324,-119.88608,388.4,471.2275346418288
2017-11-12 22:30:00,13.48159,-119.8862,418.92,472.32919121505455
2017-11-12 22:31:00,13.484879,-119.88631,419.29,473.4305122240855
2017-11-12 22:32:00,13.48814,-119.88641,435.94,474.53189176266835
2017-11-12 22:33:00,13.491403,-119.88658,448.05,475.6343606960913
2017-11-12 22:34:00,13.494657,-119.886765,421.06,476.7371359289329
2017-11-12 22:35:00,13.497922,-119.88698,391.8,477.84029966808953
2017-11-12 22:36:00,13.501128,-119.88716,392.18,478.9433668948715
2017-11-12 22:37:00,13.504336,-119.88739,365.57,480.0472078452084
2017-11-12 22:38:00,13.507548,-119.88771,341.61,481.1524384070135
2017-11-12 22:39:00,13.510784,-119.887985,329.63,482.25677325254725
2017-11-12 22:40:00,13.514016,-119.88826,224.84,483.36113900739434
2017-11-12 22:41:00,13.517231,-119.888535,197.98,484.4656361268236
2017-11-12 22:42:00,13.52043,-119.88881,134.55,485.57025688350654
2017-11-12 22:43:00,13.523659,-119.88905,112.74,486.67409339559026
2017-11-12 22:44:00,13.526868,-119.88931,102.27,487.7784001255261
2017-11-12 22:45:00,13.530071,-119.88956,103.15,488.88259538378975
2017-11-12 22:46:00,13.533278,-119.8898,107.69,489.98660189709733
2017-11-12 22:47:00,13.53648,-119.89009,116.77,491.09143622525903
2017-11-12 22:48:00,13.53966,-119.89043,128.63,492.1972297328563
2017-11-12 22:49:00,13.542809,-119.89075,141.11,493.3029471163481
2017-11-12 22:50:00,13.54601,-119.89107,153.72,494.40826267876525
2017-11-12 22:51:00,13.549174,-119.89139,167.84,495.5138641523317
2017-11-12 22:52:00,13.552324,-119.89171,200.76,496.6195738084952
2017-11-12 22:53:00,13.55553,-119.89201,211.85,497.7245350629856
2017-11-12 22:54:00,13.558708,-119.892334,235.81,498.830091488212
2017-11-12 22:55:00,13.56185,-119.89264,255.61,499.9356419931028
2017-11-12 22:56:00,13.565011,-119.892944,228.63,501.0410141116267
2017-11-12 22:57:00,13.568176,-119.8932,234.05,502.14559770975313
2017-11-12 22:58:00,13.571327,-119.89349,248.17,503.25082613166126
2017-11-12 22:59:00,13.574505,-119.89378,211.85,504.3558459157037
2017-11-12 23:00:00,13.577675,-119.89407,198.49,505.4609275183726
2017-11-12 23:01:00,13.580827,-119.89432,231.27,
2017-11-12 23:02:00,13.583962,-119.89461,216.77,
2017-11-12 23:03:00,13.587131,-119.8949,207.31,
2017-11-12 23:04:00,13.590277,-119.89516,216.77,
2017-11-12 23:05:00,13.593429,-119.89543,248.17,
2017-11-12 23:06:00,13.596591,-119.895706,271.63,
2017-11-12 23:07:00,13.599742,-119.89601,289.41,
2017-11-12 23:08:00,13.602891,-119.89632,251.2,
2017-11-12 23:09:00,13.606038,-119.89665,285.12,
2017-11-12 23:10:00,13.609188,-119.89696,204.79,
2017-11-12 23:11:00,13.61235,-119.89726,267.09,
2017-11-12 23:12:00,13.615487,-119.89754,239.6,
2017-11-12 23:13:00,13.618623,-119.8978,246.28,
2017-11-12 23:14:00,13.621741,-119.898056,239.22,
2017-11-12 23:15:00,13.624885,-119.89833,228.37,
2017-11-12 23:16:00,13.628027,-119.89862,237.33,
2017-11-12 23:17:00,13.631184,-119.898895,230.14,
2017-11-12 23:18:00,13.634278,-119.89917,228.75,
2017-11-12 23:19:00,13.63742,-119.899445,165.57,
2017-11-12 23:20:00,13.640523,-119.89975,161.03,
2017-11-12 23:21:00,13.64363,-119.900024,192.06,
2017-11-12 23:22:00,13.646728,-119.9003,169.1,
2017-11-12 23:23:00,13.649859,-119.900604,178.44,
2017-11-12 23:24:00,13.652927,-119.90088,183.35,
2017-11-12 23:25:00,13.656103,-119.90117,199.5,
2017-11-12 23:26:00,13.65922,-119.901474,187.89,
2017-11-12 23:27:00,13.662307,-119.90175,178.69,
2017-11-12 23:28:00,13.665488,-119.90204,178.69,
2017-11-12 23:29:00,13.66864,-119.90233,182.6,
2017-11-12 23:30:00,13.671751,-119.90263,180.96,
2017-11-12 23:31:00,13.67496,-119.90292,179.45,
2017-11-12 23:32:00,13.678126,-119.903244,176.17,
2017-11-12 23:33:00,13.681237,-119.903564,173.9,
2017-11-12 23:34:00,13.684449,-119.9039,164.44,
2017-11-12 23:35:00,13.687621,-119.90425,160.28,
2017-11-12 23:36:00,13.690724,-119.90459,155.49,
2017-11-12 23:37:00,13.693918,-119.90494,150.95,
2017-11-12 23:38:00,13.697047,-119.905304,150.19,
2017-11-12 23:39:00,13.700241,-119.905685,144.77,
2017-11-12 23:40:00,13.703411,-119.90604,143.0,
2017-11-12 23:41:00,13.706536,-119.9064,139.09,
2017-11-12 23:42:00,13.709729,-119.9068,138.59,
2017-11-12 23:43:00,13.712937,-119.90721,136.32,
2017-11-12 23:44:00,13.716063,-119.90762,139.47,
2017-11-12 23:45:00,13.719215,-119.908005,143.0,
2017-11-12 23:46:00,13.722412,-119.90842,143.25,
2017-11-12 23:47:00,13.725558,-119.90886,132.16,
2017-11-12 23:48:00,13.728697,-119.90929,135.94,
2017-11-12 23:49:00,13.731817,-119.90967,140.23,
2017-11-12 23:50:00,13.73495,-119.91011,142.88,
2017-11-12 23:51:00,13.738015,-119.91051,142.88,
2017-11-12 23:52:00,13.741139,-119.910904,153.09,
2017-11-12 23:53:00,13.744285,-119.911316,177.68,
2017-11-12 23:54:00,13.747422,-119.91176,176.04,
2017-11-12 23:55:00,13.750579,-119.912186,188.78,
2017-11-12 23:56:00,13.753731,-119.91263,178.81,
2017-11-12 23:57:00,13.756867,-119.91304,160.03,
2017-11-12 23:58:00,13.760007,-119.91345,166.08,
2017-11-12 23:59:00,13.763124,-119.91385,158.26,
